name,phone,age,salary,eye_color,favorite_color,address,postal_code,city,country
Lucas Iyer,+49 666-942-5514,30,411971,Hazel,Yellow,9781 Maple Court,61635,Berlin,Germany
Akiko Chen,+234 835-474-2941,33,329207,Brown,Red,2484 William Street,16407,Warri,Nigeria
Min Haddad,+7 640-948-9085,40,44169,Brown,Gray,208 Queen Drive,19682,Moscow,Russia
Luc Davis,+31 137-680-2959,54,419763,Hazel,Gold,5169 Bridge Circle,27470,Breda,Netherlands
Franz Wu,+55 836-946-8019,52,265278,Brown,White,3018 Queen Lane,44490,Salvador,Brazil
Ivan Mensah,+46 224-760-8630,40,444970,Brown,Orange,3252 River Lane,86749,Linkoping,Sweden
Elizabeth Harris,+39 291-907-5570,43,237180,Brown,Silver,3994 King Boulevard,23045,Venice,Italy
Luis Verma,+1 139-316-2039,20,26134,Green,Blue,8709 Elm Street,89790,San Antonio,United States
Ava Kozlov,+34 983-243-3534,55,262854,Brown,Pink,319 Windsor Boulevard,86930,Barcelona,Spain
Liam Smith,+1 896-544-2536,45,220089,Green,Purple,2639 Station Court,79369,Houston,United States
Deepa Kumar,+1 263-526-2198,61,236930,Brown,Blue,1924 Mill Court,62418,Winnipeg,Canada
Mohammed Johnson,+1 476-152-8721,54,90785,Brown,Yellow,8275 Albert Way,98002,New York,United States
Mia Thomas,+34 253-745-8033,28,295939,Blue,Red,7793 Lincoln Place,89294,Granada,Spain
Marie Khalil,+46 835-407-7761,43,274440,Brown,Maroon,9089 Nelson Drive,53110,Jonkoping,Sweden
Luc Sharma,+966 890-822-8181,58,92217,Brown,Black,4780 Church Drive,88053,Buraidah,Saudi Arabia
Otto Watanabe,+31 957-343-4550,30,131537,Brown,Yellow,5249 Lake Drive,74930,The Hague,Netherlands
Chen Nasser,+44 622-113-2429,63,48561,Blue,Black,6465 High Way,AB9 7BH,Manchester,United Kingdom
Rashid Schulz,+46 329-565-5006,25,257744,Green,Silver,3910 George Boulevard,99423,Helsingborg,Sweden
Luis Zhou,+33 595-158-7542,38,396328,Brown,Orange,1428 George Lane,92688,Toulouse,France
Olga Thomas,+44 246-933-9406,56,199790,Brown,Gold,6533 Lake Lane,BR25 3BN,Manchester,United Kingdom
Min Liu,+61 456-964-3132,64,327695,Brown,Gold,558 Main Circle,30710,Canberra,Australia
Kenji Karimi,+52 306-781-2253,65,375956,Gray,Yellow,9719 River Circle,72754,Merida,Mexico
Omar Kimura,+82 235-434-2695,32,70328,Brown,Pink,9553 George Court,22737,Daegu,South Korea
Omar Hayashi,+7 905-514-8402,57,259194,Brown,Blue,4264 Mill Circle,86177,Moscow,Russia
Michael Khalil,+966 795-926-1390,56,114815,Hazel,Blue,2989 Churchill Drive,73142,Riyadh,Saudi Arabia
Omar Abbas,+86 455-223-2396,22,108232,Brown,Purple,3776 King Street,14677,Beijing,China
Natasha Mansour,+82 644-791-8199,35,87014,Brown,Purple,222 River Boulevard,15534,Ulsan,South Korea
Elizabeth Moore,+1 298-240-4805,62,358523,Brown,Teal,1755 Market Boulevard,83145,Houston,United States
Barbara Becker,+7 486-318-4013,54,85015,Green,Gold,4259 Lincoln Road,26393,Kazan,Russia
Ingrid Robinson,+91 758-917-3801,20,316899,Blue,Teal,1364 Wellington Road,73119,Mumbai,India
Zainab Traore,+1 121-751-3468,50,32925,Brown,Silver,3317 King Lane,23568,Winnipeg,Canada
Hiroshi Yang,+61 236-531-5810,20,147832,Brown,Orange,5045 High Boulevard,44469,Darwin,Australia
Fritz Wu,+33 550-215-1246,24,287769,Brown,Gold,2887 George Lane,15880,Bordeaux,France
Joseph Costa,+966 827-553-7360,58,222782,Green,Navy,9957 Oak Place,22876,Jeddah,Saudi Arabia
Lucas Morozov,+966 856-149-2316,57,355761,Amber,Navy,8820 Mill Court,77239,Khamis Mushait,Saudi Arabia
Dmitri Tran,+39 475-337-6608,53,60120,Blue,Navy,5998 Victoria Lane,60737,Bologna,Italy
Raj Schmidt,+39 718-518-2707,22,271924,Brown,Yellow,8111 King Court,19006,Palermo,Italy
Richard Martin,+44 672-642-9308,45,194267,Brown,Red,5525 Lake Circle,CA48 6AE,Cardiff,United Kingdom
Diego Iyer,+91 319-793-2941,27,56536,Brown,Maroon,3035 Main Boulevard,63717,Ahmedabad,India
Li Xu,+27 400-135-4110,34,80360,Blue,Yellow,4278 Nelson Way,66268,Pretoria,South Africa
Omar Anderson,+86 836-588-6950,30,124530,Blue,Teal,8411 River Way,52388,Hangzhou,China
Linda Suzuki,+55 527-105-5535,49,77449,Blue,Maroon,6891 Albert Boulevard,87769,Manaus,Brazil
Anna Jones,+33 383-208-9310,22,214326,Blue,Blue,2830 Pine Way,56350,Paris,France
Chen Sharma,+91 282-975-4887,57,334323,Amber,Pink,194 Park Drive,24510,Delhi,India
Lucas Nakamura,+7 739-771-7845,51,198067,Gray,Teal,5180 Victoria Court,55657,Chelyabinsk,Russia
Khalid Mansour,+27 597-441-2095,49,374681,Brown,Purple,9735 Park Way,84860,Cape Town,South Africa
Nikolai Schneider,+55 935-765-9892,37,112670,Brown,Navy,6213 Churchill Boulevard,59684,Salvador,Brazil
Sara Garcia,+7 935-479-1764,37,67488,Blue,Orange,9593 William Way,15568,Yekaterinburg,Russia
Tariq Haddad,+34 771-129-2672,45,68095,Hazel,Navy,5587 York Avenue,61633,Granada,Spain
Yusuf Souza,+966 663-717-8517,45,198718,Brown,Maroon,9851 Churchill Boulevard,39700,Tabuk,Saudi Arabia
Fang Nair,+81 551-945-7420,32,99377,Blue,Red,6000 High Place,284-9312,Yokohama,Japan
Sofia Bakhtiari,+55 693-490-1763,61,237166,Blue,Navy,3606 Cedar Boulevard,54338,Curitiba,Brazil
Ahmed Zhou,+234 618-473-2644,33,122689,Brown,Purple,3171 Park Circle,69176,Lagos,Nigeria
Fatima Miller,+966 663-539-9348,44,253467,Blue,Pink,3537 Mill Drive,92167,Khamis Mushait,Saudi Arabia
Ryu Bernard,+34 690-180-3030,53,208235,Blue,Orange,8387 Bridge Drive,87984,Alicante,Spain
Luis Zhang,+52 273-532-5029,35,327732,Brown,Green,3143 Maple Court,63050,Merida,Mexico
Maryam Lima,+61 852-697-9982,29,139976,Brown,Blue,6754 Oak Court,33914,Brisbane,Australia
Nikolai Pereira,+33 172-906-4890,53,57933,Brown,Red,1692 Victoria Road,10783,Strasbourg,France
Patricia Abbas,+7 728-745-5745,63,248536,Brown,Blue,1160 Oxford Road,81515,Kazan,Russia
Anita Moore,+31 387-424-3761,36,42357,Green,White,7600 Windsor Drive,50740,The Hague,Netherlands
Yuna Yamamoto,+61 246-844-6080,32,161575,Blue,Pink,6011 Lake Circle,58379,Canberra,Australia
Deepa Mueller,+81 388-456-2561,20,247390,Amber,Yellow,4192 High Avenue,745-9549,Sapporo,Japan
Maryam Anderson,+1 506-963-9686,28,267792,Brown,Black,2169 Lincoln Court,24099,Vancouver,Canada
Xiu Verma,+81 659-234-5104,48,375649,Blue,Green,4730 Market Way,182-4175,Tokyo,Japan
Hugo Mueller,+91 710-291-5954,19,302890,Brown,Green,1229 Nelson Road,22742,Kolkata,India
Maryam Petit,+27 425-739-1517,58,303885,Brown,Green,9389 Cedar Drive,74624,Kimberley,South Africa
Franz Gupta,+1 892-659-9812,52,143342,Brown,Orange,3295 Maple Way,28270,Calgary,Canada
Arjun Martinez,+61 791-568-9138,49,224409,Brown,Red,6588 Cedar Circle,64348,Adelaide,Australia
Oliver Weber,+46 209-452-4844,55,222055,Brown,Navy,5199 Oxford Avenue,16646,Norrkoping,Sweden
Diego Al-Rashid,+1 375-845-1851,52,245018,Brown,White,1303 Pine Way,84770,Montreal,Canada
Mohammed Mensah,+46 936-804-2885,49,138241,Blue,Red,1962 Pine Place,65688,Uppsala,Sweden
Franz Rao,+49 618-530-4169,25,262270,Hazel,Silver,9496 Mill Road,46891,Frankfurt,Germany
Svetlana Moreau,+82 518-415-8664,41,407294,Green,Yellow,3693 Churchill Way,78277,Suwon,South Korea
Ryu Zhang,+86 806-468-7093,26,313828,Brown,White,1940 Forest Drive,85872,Wuhan,China
Charlotte Smirnov,+91 139-504-1565,27,329330,Brown,Purple,5019 River Avenue,83079,Ahmedabad,India
Yusuf Walker,+1 930-892-4848,44,67080,Hazel,Silver,2759 George Drive,43939,Montreal,Canada
Zainab Nielsen,+1 898-990-2719,20,175271,Brown,Black,7333 Mill Way,82556,Seattle,United States
Nikolai Verma,+55 427-977-2546,58,21326,Gray,Pink,3435 Park Drive,45417,Brasilia,Brazil
Miguel Harris,+34 543-481-4957,35,351239,Green,Maroon,8450 Churchill Road,56707,Granada,Spain
Arjun Martinez,+55 135-523-1400,56,422217,Brown,Black,277 Market Way,19684,Manaus,Brazil
Sara Tran,+46 168-208-7442,36,389655,Brown,Pink,7348 King Street,30115,Orebro,Sweden
Karen Yamamoto,+81 516-405-9181,49,424395,Gray,Gold,5958 Forest Lane,283-1908,Hiroshima,Japan
Anita Mensah,+46 985-856-9085,58,279825,Blue,Purple,9636 Windsor Circle,74816,Linkoping,Sweden
Michael Tran,+966 269-862-3870,45,182480,Brown,Red,3848 William Place,99375,Tabuk,Saudi Arabia
William Pereira,+81 982-192-2844,21,386423,Green,White,174 Oak Court,289-4451,Kyoto,Japan
Rashid Fischer,+55 109-752-8128,49,63809,Brown,Gold,4878 Albert Drive,26761,Fortaleza,Brazil
Amit Patel,+82 332-848-1893,56,217994,Brown,Gray,3995 Mill Street,79937,Incheon,South Korea
Miguel Meyer,+49 950-606-8925,57,440679,Blue,Blue,813 Maple Road,72580,Leipzig,Germany
Nikolai Martin,+55 424-344-3260,29,76293,Brown,White,5960 Nelson Court,59390,Fortaleza,Brazil
Sara Costa,+31 202-367-5687,19,129887,Blue,Red,8946 Main Way,50708,Amsterdam,Netherlands
Svetlana Garcia,+82 366-126-8395,30,404693,Green,Teal,4362 Bridge Place,15270,Seongnam,South Korea
Carlos Lewis,+52 572-957-6245,48,94258,Brown,Gold,8198 William Lane,20686,Merida,Mexico
Aisha Richard,+55 424-989-5649,33,209167,Amber,Maroon,7479 Station Boulevard,43532,Sao Paulo,Brazil
Sara Ferreira,+33 693-512-7977,42,214968,Amber,Pink,1516 River Circle,10205,Paris,France
William Almeida,+31 823-455-8865,36,181512,Hazel,Red,8655 High Way,30776,Maastricht,Netherlands
Miguel Petit,+234 815-727-6672,38,245747,Hazel,Pink,444 Mill Way,96914,Kano,Nigeria
Ingrid Rodriguez,+49 221-482-1636,61,448809,Brown,Navy,7840 Cedar Avenue,39201,Hanover,Germany
Yan Novikov,+33 780-282-8698,20,395888,Blue,Pink,1809 Nelson Way,25394,Montpellier,France
Xiu Traore,+27 125-341-5037,36,32237,Brown,White,217 George Court,22905,Polokwane,South Africa
Noah Patel,+1 890-248-6912,26,162975,Brown,Purple,8853 Albert Way,23771,Los Angeles,United States
Antoine Garcia,+234 398-792-4659,25,168354,Brown,Red,459 Queen Avenue,53560,Enugu,Nigeria
Ali Wagner,+1 136-775-6348,54,39848,Green,Gold,8471 Park Road,10777,San Antonio,United States
Marie Costa,+86 599-281-7614,44,211621,Blue,Black,2595 Windsor Avenue,64127,Hangzhou,China
Noor Sokolov,+55 928-815-1329,18,432457,Brown,Purple,1690 Nelson Place,79149,Recife,Brazil
Sanjay Harris,+44 970-930-6292,32,268328,Brown,Navy,7755 William Way,CT67 7AX,London,United Kingdom
Valentina Bakhtiari,+39 925-482-5885,41,408681,Green,Yellow,6238 River Avenue,39611,Rome,Italy
Lea Rodriguez,+82 420-200-7295,45,69033,Brown,Navy,5798 Park Court,28865,Seongnam,South Korea
Nikolai Santos,+33 734-211-2932,20,357881,Brown,Gold,6919 Cedar Court,39796,Lille,France
Huda Kuznetsov,+31 340-347-5184,58,271440,Green,Gold,6952 Lincoln Boulevard,92260,Rotterdam,Netherlands
Khadija Popov,+966 301-978-2797,21,235022,Blue,Teal,4705 Church Street,65237,Buraidah,Saudi Arabia
Hans Dubois,+39 360-885-5210,28,258296,Brown,Purple,8991 River Drive,29203,Genoa,Italy
Aisha Silva,+81 868-563-1390,47,47906,Green,Silver,7962 Station Place,836-1082,Tokyo,Japan
Ava Brown,+33 896-975-4598,28,122435,Brown,Orange,836 Oak Lane,67439,Bordeaux,France
Aisha Xu,+1 809-998-5098,25,207166,Brown,White,7128 King Street,29217,Toronto,Canada
Patricia Nair,+31 931-667-8028,55,264531,Brown,Green,9226 King Avenue,74220,Amsterdam,Netherlands
Hassan Morozov,+1 795-557-4082,63,336409,Brown,Black,8286 High Lane,35405,Toronto,Canada
Ahmed Weber,+44 497-916-2624,41,424363,Green,Blue,4861 York Avenue,CT41 9AD,Bristol,United Kingdom
Li Schulz,+49 420-842-8422,27,309022,Hazel,Silver,1401 Mill Court,17557,Hanover,Germany
Elena Jones,+61 339-741-2347,38,421895,Gray,Red,7239 Windsor Lane,92192,Adelaide,Australia
Marie Taylor,+31 225-406-7198,31,317602,Green,Navy,8426 Maple Drive,60995,Eindhoven,Netherlands
Fatima Robinson,+34 933-998-8976,50,175448,Brown,Gray,611 Church Lane,74665,Barcelona,Spain
Elizabeth Jones,+44 150-150-2990,65,44862,Blue,Navy,4924 King Drive,CV33 7BT,Manchester,United Kingdom
Fritz Smith,+34 827-825-2509,25,394679,Brown,Pink,6910 Victoria Road,73503,Madrid,Spain
Natasha Durand,+39 697-183-4493,20,156685,Hazel,Yellow,9468 Pine Way,22636,Verona,Italy
Charles Haddad,+34 503-991-9932,50,23835,Hazel,White,6953 Wellington Road,67364,Zaragoza,Spain
Raj Yang,+82 773-434-1226,19,304318,Brown,Yellow,1196 Elm Avenue,21456,Seongnam,South Korea
Elena Rao,+27 947-716-8088,21,253269,Brown,Navy,6652 Oxford Drive,35570,Kimberley,South Africa
Heidi Suzuki,+234 896-780-9932,55,83770,Green,Gold,5592 George Road,82598,Ibadan,Nigeria
Rashid Bernard,+31 865-199-5011,26,373224,Brown,Orange,5533 York Circle,77804,Rotterdam,Netherlands
Sarah Meyer,+34 347-445-9746,55,441771,Brown,Navy,8640 River Court,76308,Barcelona,Spain
Patricia Anderson,+234 284-689-2194,61,86438,Blue,Purple,5906 Pine Road,70602,Zaria,Nigeria
Boris Zhang,+1 664-474-9992,49,195986,Brown,Green,5300 Forest Place,72495,Montreal,Canada
Emma Al-Rashid,+61 753-312-2154,54,227859,Blue,White,8750 Mill Place,15134,Brisbane,Australia
Sakura Sokolov,+39 427-847-8847,20,33352,Brown,Blue,2942 Queen Street,68082,Venice,Italy
Amelia Taylor,+1 983-570-6739,45,436440,Brown,Red,5839 Wellington Court,67016,Seattle,United States
Ryu Sokolov,+1 477-338-9967,54,195277,Brown,Gold,510 Lincoln Circle,14324,Quebec City,Canada
Hassan Walker,+49 449-677-1325,33,216704,Brown,Green,6710 River Court,93517,Hamburg,Germany
Ava Zhou,+39 572-707-4104,58,281215,Brown,Purple,4883 Forest Circle,27297,Naples,Italy
William Robert,+234 798-597-1944,32,240712,Brown,Pink,6613 Albert Boulevard,79329,Kaduna,Nigeria
Ivan Kumar,+44 468-887-5369,51,199294,Green,Purple,2325 Mill Drive,CH46 1AP,Leeds,United Kingdom
Anita Anderson,+86 509-586-4904,28,392335,Green,Teal,7867 Albert Circle,51987,Shenzhen,China
Anita Kumar,+55 900-669-9811,23,438989,Brown,Purple,910 Station Road,17360,Manaus,Brazil
Aisha Karimi,+27 560-201-9556,62,50903,Blue,White,5765 George Lane,11807,Port Elizabeth,South Africa
Antoine Hoffmann,+81 953-346-7090,18,114099,Green,Yellow,4906 River Court,819-9940,Hiroshima,Japan
Kenji Souza,+55 191-226-6868,41,257396,Brown,Maroon,1789 William Circle,61882,Sao Paulo,Brazil
Elizabeth Hoffmann,+1 552-881-2397,26,384436,Brown,Pink,5200 Cambridge Place,18962,Calgary,Canada
Rashid Fischer,+49 489-501-9375,56,201516,Brown,Gray,1099 Churchill Drive,60461,Hamburg,Germany
Thomas Huang,+34 586-753-8871,58,378424,Amber,Green,6007 Forest Lane,61565,Seville,Spain
Yusuf Rao,+81 665-954-2552,48,87474,Hazel,Green,9793 Forest Road,778-2319,Sendai,Japan
Takeshi Lebedev,+34 186-480-7793,52,443169,Brown,Pink,8974 William Court,71778,Malaga,Spain
Greta Sokolov,+34 861-153-4640,34,153830,Blue,Silver,3565 River Circle,54035,Valencia,Spain
Mohammed Rodriguez,+27 670-264-4717,65,278468,Brown,Yellow,2110 York Way,84419,Durban,South Africa
Jing Anderson,+27 839-578-2236,50,187856,Brown,Yellow,3890 Oxford Way,68454,Port Elizabeth,South Africa
Takeshi Wu,+39 886-601-8047,53,34716,Brown,Green,7460 Victoria Drive,92216,Bologna,Italy
Khalid Richard,+91 204-638-7080,18,407609,Green,Purple,6481 York Avenue,42803,Hyderabad,India
Mia Weber,+1 648-215-7957,63,264363,Amber,Silver,1599 Pine Boulevard,38109,Philadelphia,United States
Ryu Jackson,+86 321-966-5452,35,68472,Brown,Black,9653 Lake Drive,62496,Xian,China
Raj Iyer,+61 827-681-4686,27,307680,Gray,Black,230 William Drive,32076,Perth,Australia
Yuki Wagner,+52 319-648-5472,64,252363,Brown,Navy,9972 Churchill Circle,34002,Merida,Mexico
Pierre Smirnov,+966 132-445-9704,18,103177,Brown,Teal,190 Park Avenue,31972,Mecca,Saudi Arabia
Li Ferreira,+7 208-741-7317,52,119420,Brown,Gray,4482 Forest Boulevard,60587,Novosibirsk,Russia
Layla Moore,+7 786-747-7355,64,168012,Blue,Blue,4125 Bridge Lane,98378,Saint Petersburg,Russia
Omar Bakhtiari,+55 255-334-3141,61,125230,Brown,White,2688 York Circle,33764,Curitiba,Brazil
Robert Garcia,+39 198-737-1242,64,149149,Blue,Yellow,1194 Elm Street,90493,Verona,Italy
Ali Kuznetsov,+1 947-195-9007,49,442903,Brown,Maroon,3649 William Circle,80950,Vancouver,Canada
Harper Verma,+1 142-677-7582,33,356467,Hazel,Silver,1968 York Lane,83451,Edmonton,Canada
Min Nakamura,+61 116-231-7973,45,391622,Brown,Navy,6094 Nelson Place,90056,Brisbane,Australia
Natasha Osei,+34 653-757-6589,48,171568,Brown,Gray,4153 Elm Boulevard,28178,Granada,Spain
Pierre Tran,+1 868-713-8739,19,234255,Gray,Silver,8348 Station Lane,59958,San Diego,United States
Marie Schmidt,+81 272-512-7653,31,168802,Brown,Red,5251 Station Lane,240-4444,Kobe,Japan
Mei Hoffmann,+49 363-832-7550,26,191146,Brown,Orange,2802 Lake Boulevard,66015,Frankfurt,Germany
Deepa Petrov,+39 806-522-5965,64,183077,Brown,Orange,6729 Mill Drive,93307,Naples,Italy
James White,+1 265-642-4607,43,113272,Brown,Pink,9385 Oxford Street,40751,Philadelphia,United States
Sunita Clark,+49 258-122-9920,62,126271,Blue,Pink,215 Elm Court,79193,Hamburg,Germany
Ibrahim Silva,+33 400-183-8213,50,150446,Green,Silver,7790 Wellington Avenue,81919,Marseille,France
Hugo Sato,+82 684-272-3767,46,276020,Brown,White,672 Main Court,55045,Changwon,South Korea
Akiko Abubakar,+39 640-559-7711,40,365577,Brown,Gold,5265 High Circle,86777,Venice,Italy
Mei Kozlov,+55 324-752-1381,18,166345,Green,Black,737 Station Place,55609,Manaus,Brazil
David Smirnov,+33 711-732-2460,56,373326,Blue,White,8971 Queen Street,15078,Paris,France
Maria Zhou,+44 629-779-6693,27,355496,Green,Purple,4325 Oak Place,CW76 8BG,Manchester,United Kingdom
Heidi Harris,+49 345-633-8750,42,90451,Brown,Maroon,7571 York Avenue,71100,Hanover,Germany
Greta Sokolov,+7 396-312-6299,44,45282,Brown,Maroon,920 Main Place,82265,Saint Petersburg,Russia
Fang Petrov,+44 551-706-4889,34,437812,Brown,Purple,8112 Windsor Street,HU46 4AH,Cardiff,United Kingdom
Miguel Johnson,+31 566-651-5267,51,251387,Gray,Purple,1474 River Way,16683,Nijmegen,Netherlands
Lea Dubois,+49 204-115-6629,62,341593,Green,Pink,8252 Oxford Circle,73164,Cologne,Germany
Valentina Clark,+82 349-503-9011,42,401807,Brown,Gold,2001 Church Street,74205,Suwon,South Korea
Robert Yamamoto,+1 188-815-3080,44,384899,Blue,Pink,6623 Victoria Avenue,21956,New York,United States
Hassan Garcia,+81 903-874-7287,63,51804,Hazel,Red,6302 Cambridge Drive,505-6962,Sapporo,Japan
Fritz Bakhtiari,+55 143-562-9500,63,151095,Amber,Navy,9254 Maple Lane,62168,Rio de Janeiro,Brazil
Mary Nair,+49 507-312-1204,18,109650,Blue,Blue,689 Bridge Drive,93473,Frankfurt,Germany
Heidi Dubois,+55 460-552-8381,27,308545,Brown,Teal,7814 High Circle,30237,Fortaleza,Brazil
Ali Almeida,+91 679-658-1803,40,223681,Brown,Maroon,552 Albert Drive,10126,Ahmedabad,India
Fang Ahmadi,+46 259-854-7050,63,331807,Blue,Gray,1818 Lake Court,56229,Vasteras,Sweden
William Gupta,+31 787-994-9769,36,305725,Brown,Orange,9029 High Boulevard,61784,Rotterdam,Netherlands
Fang Al-Rashid,+49 663-945-4723,55,211641,Hazel,Gold,4122 Market Road,27135,Hanover,Germany
Sara Oliveira,+966 792-908-9963,46,128277,Brown,Silver,8185 Queen Road,59827,Medina,Saudi Arabia
Klaus Anderson,+55 513-844-9130,43,208023,Brown,Yellow,2641 Maple Court,11208,Sao Paulo,Brazil
Fritz Diallo,+1 135-837-9548,41,391265,Brown,Navy,8614 Nelson Road,66029,Los Angeles,United States
Michael Thomas,+33 338-365-5543,49,325693,Brown,Navy,6623 Albert Road,23768,Nice,France
Elizabeth Zhou,+966 480-600-1023,24,181057,Brown,Orange,8794 William Road,88420,Buraidah,Saudi Arabia
Mia Patel,+1 603-966-6823,34,99935,Green,Orange,2363 High Place,41286,Hamilton,Canada
Hans Kumar,+52 193-233-6891,33,346340,Hazel,Orange,5652 High Drive,11588,Cancun,Mexico
Richard Leroy,+27 175-825-9011,45,170632,Green,Navy,7884 Cambridge Way,38842,Nelspruit,South Africa
Kenji Singh,+1 329-348-7762,55,239211,Hazel,Silver,6361 Wellington Lane,27232,Winnipeg,Canada
Rashid Silva,+39 204-362-4707,46,293958,Brown,Red,7454 William Road,34108,Genoa,Italy
Anita Novikov,+966 668-601-3028,46,320726,Green,Teal,4426 Forest Lane,48548,Buraidah,Saudi Arabia
Elena Morozov,+82 414-621-1046,46,345615,Hazel,Blue,2677 William Boulevard,60604,Daegu,South Korea
Diego Almeida,+91 791-196-6320,55,362839,Brown,Teal,8734 Albert Boulevard,54014,Lucknow,India
Mei Martin,+86 589-609-2430,29,444851,Brown,Yellow,6551 Main Street,50244,Tianjin,China
Mei Zhang,+44 184-801-8924,38,296009,Brown,Blue,2728 Elm Circle,CW19 3BD,London,United Kingdom
Anita Popov,+86 398-206-6446,44,34418,Brown,Orange,9284 King Circle,51204,Hangzhou,China
Anita Reddy,+55 970-554-7510,49,131994,Brown,Yellow,3580 Victoria Court,38020,Fortaleza,Brazil
Mia Zhou,+49 748-799-3480,50,269400,Brown,Maroon,6036 Oxford Street,12388,Hanover,Germany
William Sharma,+1 410-721-7700,53,177663,Green,Navy,5369 Park Place,65244,Montreal,Canada
Yuna Iyer,+234 738-912-5773,64,209210,Brown,Orange,4036 Churchill Place,49018,Abuja,Nigeria
Noor Walker,+61 530-695-6280,48,423395,Brown,Pink,6555 Wellington Circle,10608,Sydney,Australia
Zainab Silva,+34 360-118-4694,57,361197,Brown,Green,2573 Queen Lane,64341,Zaragoza,Spain
Wei Xu,+81 209-554-2341,21,275961,Hazel,Gold,8600 Churchill Drive,249-3242,Kobe,Japan
Heidi Thomas,+39 860-214-6417,52,386019,Green,Gold,7106 Market Boulevard,89083,Florence,Italy
Lucas Ito,+91 979-848-5076,27,111548,Brown,Gray,6917 Nelson Street,46853,Chennai,India
Wei Li,+82 103-216-3524,28,421126,Brown,Maroon,8945 Park Street,20994,Incheon,South Korea
Camille Miller,+52 617-650-6559,56,396889,Hazel,Maroon,9610 Wellington Lane,55336,Puebla,Mexico
James Ivanov,+7 435-988-5290,47,409290,Brown,Blue,7967 Wellington Way,90754,Saint Petersburg,Russia
Alexei Gupta,+52 159-998-1095,65,161427,Blue,Purple,6921 Queen Way,84887,Puebla,Mexico
Maryam Al-Rashid,+46 534-870-6101,29,32778,Brown,Gold,4376 Forest Circle,34185,Gothenburg,Sweden
Huda Verma,+81 363-417-7256,32,207963,Green,Orange,7811 Cedar Street,935-6092,Nagoya,Japan
Vikram Yang,+52 435-659-6578,54,236558,Blue,Teal,7126 George Circle,70013,Monterrey,Mexico
Carlos Kumar,+7 921-546-9434,25,416160,Amber,Orange,9944 Maple Circle,42885,Novosibirsk,Russia
Lucas Petit,+1 539-256-1962,25,156403,Blue,Maroon,3725 Market Court,78746,New York,United States
Anita Liu,+7 147-426-5261,42,48544,Brown,Orange,3195 Elm Boulevard,23598,Kazan,Russia
Amit Ferreira,+34 384-294-1278,51,230374,Blue,Gray,790 Park Drive,84724,Alicante,Spain
Luc Nguyen,+86 722-275-9825,50,283102,Hazel,Maroon,5830 Victoria Drive,83533,Shanghai,China
Alexei White,+82 540-401-7510,42,201863,Green,Silver,6856 Maple Court,26980,Incheon,South Korea
Lea Leroy,+44 496-493-9569,64,83442,Blue,Gray,767 Queen Road,DN41 3AX,Manchester,United Kingdom
Ryu Singh,+33 551-158-5553,28,274065,Green,Black,7124 Market Place,15319,Toulouse,France
Ava Khalil,+27 466-408-3013,28,61411,Brown,Silver,4530 Main Circle,65554,Pretoria,South Africa
Omar Santos,+61 350-860-2701,41,311003,Gray,Orange,8073 Churchill Circle,17540,Melbourne,Australia
Hassan Ito,+33 516-979-7131,35,243418,Green,Gray,5293 River Court,88638,Marseille,France
Juan Rao,+61 107-688-3059,56,89477,Gray,Yellow,3778 King Drive,16702,Brisbane,Australia
Yuki Nakamura,+61 212-690-2379,19,169478,Gray,Black,8767 William Circle,75129,Perth,Australia
Luc Wagner,+52 948-813-3275,63,210406,Green,Orange,6418 Cedar Circle,52732,Cancun,Mexico
Luc Bernard,+46 475-497-2447,44,322667,Brown,Navy,1697 Victoria Court,21887,Jonkoping,Sweden
Jessica Souza,+966 334-273-6794,23,127357,Blue,Black,982 Mill Court,61425,Abha,Saudi Arabia
Harper Garcia,+86 167-536-3859,53,41909,Hazel,Maroon,1723 York Avenue,60519,Chengdu,China
Patricia Al-Rashid,+7 208-584-9305,41,209161,Brown,Navy,6147 Elm Avenue,46786,Saint Petersburg,Russia
Ivan Huang,+81 452-726-6064,40,290031,Brown,Orange,5502 York Avenue,237-8237,Nagoya,Japan
Valentina Walker,+81 477-676-2878,49,291480,Brown,Pink,293 Elm Way,820-1612,Hiroshima,Japan
Otto Xu,+81 812-537-4879,32,304713,Brown,Green,5635 Oak Circle,126-1591,Nagoya,Japan
Vikram Durand,+81 616-812-5415,27,21596,Brown,Purple,2020 Cedar Lane,960-1835,Sapporo,Japan
Mei Nair,+49 621-689-8490,30,433225,Green,Black,1032 High Lane,21650,Stuttgart,Germany
