name,phone,age,salary,eye_color,favorite_color,address,postal_code,city,country
Isabella Hoffmann,+61 751-618-2871,30,186862,Brown,Red,9629 Bridge Lane,64589,Hobart,Australia
William Popov,+1 446-259-1223,44,177464,Brown,Purple,2424 Wellington Avenue,45219,Montreal,Canada
Patricia Yamamoto,+34 597-186-6221,43,96454,Green,Maroon,9711 Cedar Drive,98761,Malaga,Spain
Natasha Nielsen,+44 226-807-3731,64,124835,Brown,Pink,9399 Churchill Road,BS27 7BR,London,United Kingdom
Hugo Mueller,+46 863-937-9571,49,190259,Brown,Gold,8673 Church Place,80282,Orebro,Sweden
Hugo Mensah,+91 303-476-2397,36,43712,Blue,Gold,8947 Nelson Place,40905,Mumbai,India
Carlos Kozlov,+966 323-131-3749,64,60619,Brown,Green,2888 Wellington Court,33719,Jeddah,Saudi Arabia
Antoine Nair,+44 534-973-2753,56,68345,Brown,Gray,4145 River Circle,DT44 3BN,Glasgow,United Kingdom
Linda Dubois,+44 243-320-2404,36,195309,Brown,Gold,5341 Nelson Place,HS43 2AR,Cardiff,United Kingdom
Takeshi Pereira,+31 186-598-9071,19,42410,Gray,Gold,8470 Park Road,83326,Rotterdam,Netherlands
Li Wang,+31 825-676-1711,26,100464,Brown,Pink,7121 Lake Avenue,20771,The Hague,Netherlands
Sota Davis,+34 548-944-8326,30,176934,Brown,Teal,7143 Nelson Circle,48627,Granada,Spain
Mei Schulz,+81 732-937-1667,24,163074,Blue,Navy,9784 Queen Boulevard,926-9011,Nagoya,Japan
Franz Schmidt,+27 883-218-8415,42,116740,Hazel,White,6805 Windsor Avenue,72860,Port Elizabeth,South Africa
Ryu Leroy,+82 195-390-5256,54,198482,Brown,Yellow,5608 Maple Street,22670,Daegu,South Korea
Isabella Brown,+86 776-130-3433,46,98772,Brown,Navy,9332 King Road,17497,Shenzhen,China
Wei White,+39 907-938-1560,31,30967,Blue,Yellow,4384 Station Court,56745,Naples,Italy
Fang Karimi,+234 335-727-7184,49,127498,Brown,Yellow,8380 Main Way,34809,Port Harcourt,Nigeria
Natasha Iyer,+61 848-571-4694,26,128325,Brown,Maroon,9685 William Street,57789,Hobart,Australia
Joseph Martinez,+49 734-188-8352,60,167482,Brown,Teal,5371 Market Boulevard,43924,Leipzig,Germany
Mia Gupta,+81 590-413-1660,64,62304,Brown,Navy,8672 Oxford Road,843-3651,Sendai,Japan
Patricia Rao,+33 448-429-6442,58,59423,Green,Red,5266 High Street,26513,Nantes,France
Karen Garcia,+33 953-228-2334,33,194257,Brown,Green,2081 Nelson Avenue,45912,Montpellier,France
Aisha Rodrigues,+82 311-621-7061,40,142859,Green,Maroon,2658 Mill Lane,61952,Seoul,South Korea
James Okonkwo,+1 931-834-4896,44,105169,Blue,Gray,5884 Queen Place,44065,Toronto,Canada
Maria Watanabe,+7 862-929-7509,53,168854,Blue,White,8317 Nelson Avenue,28143,Novosibirsk,Russia
Layla Martinez,+39 917-508-9144,49,171794,Brown,Orange,6743 George Avenue,32697,Rome,Italy
Charles Nair,+27 545-421-2052,29,68721,Brown,Silver,7850 Victoria Road,86170,Pretoria,South Africa
Miguel Sharma,+1 806-702-6712,61,31324,Brown,Pink,7033 Churchill Road,40553,San Antonio,United States
Sara Petit,+55 446-846-6590,36,135131,Brown,Silver,659 Park Street,80364,Porto Alegre,Brazil
Greta Kobayashi,+55 500-157-3329,26,177278,Hazel,Yellow,6292 Maple Drive,90671,Rio de Janeiro,Brazil
Wei Khalil,+966 278-890-3714,40,116245,Brown,Navy,9459 King Street,70050,Khamis Mushait,Saudi Arabia
Sophie Tanaka,+966 739-644-8303,24,152974,Brown,White,3002 Pine Boulevard,35765,Khamis Mushait,Saudi Arabia
Mei Clark,+7 607-262-1125,56,133003,Brown,Blue,8187 Churchill Avenue,12072,Novosibirsk,Russia
Carlos Jackson,+81 319-432-9590,47,156622,Hazel,Teal,5372 William Circle,674-5015,Yokohama,Japan
Maria Verma,+46 496-248-9927,39,140962,Brown,White,3372 King Court,14346,Norrkoping,Sweden
Sakura Durand,+86 392-386-9413,24,75786,Brown,Gray,7123 Main Drive,37348,Shanghai,China
Khalid Sato,+82 114-810-6938,47,119572,Green,Purple,4815 Victoria Avenue,99282,Gwangju,South Korea
Yusuf Traore,+49 154-213-3618,24,84021,Hazel,Red,2174 Oak Boulevard,37333,Dusseldorf,Germany
Anna Yang,+91 556-952-6860,57,166051,Brown,Teal,9063 Albert Avenue,97398,Chennai,India
Raj Richard,+33 733-251-8306,45,57565,Blue,Orange,5896 Church Drive,34866,Strasbourg,France
Fritz Oliveira,+31 803-849-3932,61,105484,Brown,Pink,489 Mill Place,46920,Rotterdam,Netherlands
Ava Bernard,+49 730-349-7405,61,151036,Green,Red,1034 Cambridge Avenue,57519,Munich,Germany
Joseph Rodrigues,+49 648-965-5606,43,76984,Brown,Navy,8941 Albert Place,48848,Munich,Germany
Charlotte Novikov,+39 794-686-1416,62,155839,Brown,Gray,9576 River Road,26864,Milan,Italy
Sunita White,+27 997-485-3293,55,138461,Brown,Gold,7918 Wellington Place,73892,Cape Town,South Africa
Omar Diallo,+1 430-357-4290,25,90436,Brown,Pink,5669 Maple Road,13195,Chicago,United States
Thomas Martin,+46 808-411-2104,23,117517,Brown,Gray,8570 Main Court,28266,Norrkoping,Sweden
Barbara Okonkwo,+39 192-821-4071,39,149388,Brown,Teal,7234 Cedar Court,20224,Genoa,Italy
Tariq Al-Rashid,+1 542-941-8224,49,104999,Brown,Green,6740 Nelson Court,15054,Dallas,United States
Deepa Ito,+1 351-830-7775,61,51640,Hazel,Teal,7496 Park Place,45852,Winnipeg,Canada
James Verma,+27 253-834-1853,46,163567,Brown,Green,8033 Victoria Place,42296,Port Elizabeth,South Africa
Linda Pham,+52 870-162-4485,26,103363,Hazel,Maroon,8969 High Drive,39591,Queretaro,Mexico
Emma Silva,+1 187-588-3972,61,155498,Brown,Orange,5431 Churchill Drive,84118,San Diego,United States
Klaus Silva,+81 167-367-4821,62,56765,Blue,White,2543 Lake Street,672-3278,Kobe,Japan
Heidi Abubakar,+82 849-737-2225,56,121076,Brown,Yellow,6331 Cedar Circle,86487,Seoul,South Korea
Amira Lima,+82 506-351-2097,44,111076,Green,Yellow,7764 Queen Avenue,21830,Suwon,South Korea
Huda Tanaka,+34 259-516-8149,45,162307,Brown,Silver,5864 Park Court,86323,Malaga,Spain
Sofia Hoffmann,+55 964-560-4440,48,47543,Brown,Black,8366 Park Way,63371,Salvador,Brazil
Lucas Leroy,+39 304-500-1416,61,116568,Brown,Gold,5971 York Lane,94409,Rome,Italy
Juan Khalil,+52 425-287-9402,27,185300,Brown,Navy,5590 Victoria Lane,55152,Leon,Mexico
Ali Kimura,+49 296-863-5988,23,84814,Blue,White,8585 Pine Place,70095,Dusseldorf,Germany
Khalid Moore,+61 337-255-6563,48,45596,Hazel,Gray,7858 Main Street,11878,Adelaide,Australia
Ibrahim Gupta,+7 518-925-9181,26,136948,Green,Navy,8945 Park Drive,70900,Kazan,Russia
Barbara Tanaka,+49 962-234-3053,59,164714,Brown,Black,5775 Lincoln Boulevard,94233,Hanover,Germany
Olga Nasser,+34 830-993-2899,25,73843,Brown,Red,8768 High Avenue,90334,Zaragoza,Spain
Ali Sato,+27 458-662-6726,52,177064,Green,Purple,454 Cambridge Street,85413,Durban,South Africa
Michael Wang,+86 460-114-5522,62,56132,Brown,Pink,8072 Main Way,76706,Nanjing,China
Xiu Okonkwo,+82 891-359-3404,21,51055,Brown,Teal,3537 Oak Lane,62915,Suwon,South Korea
Sofia Walker,+86 905-820-2751,52,124544,Green,Teal,9412 York Circle,41373,Tianjin,China
Michael Moore,+1 856-703-9319,50,147237,Brown,Pink,4608 Cedar Way,54758,San Antonio,United States
Patricia Nguyen,+81 107-776-2526,39,107663,Green,Blue,2947 George Court,742-2238,Hiroshima,Japan
Valentina Rodrigues,+39 369-308-8826,32,95067,Brown,Red,6946 Victoria Court,97723,Naples,Italy
Sanjay Popov,+61 513-255-7994,59,32827,Hazel,Silver,8344 High Avenue,93668,Newcastle,Australia
Natasha Fischer,+234 884-321-6659,19,78350,Brown,Yellow,637 Churchill Lane,56655,Lagos,Nigeria
Rashid Almeida,+34 678-205-2615,25,114140,Brown,Green,156 Cedar Drive,76234,Valencia,Spain
Isabella Ahmadi,+55 630-718-3985,35,198845,Hazel,Red,9543 Albert Street,33088,Porto Alegre,Brazil
Sara Fischer,+27 498-964-6602,26,163806,Hazel,Pink,5082 Albert Lane,10268,Pretoria,South Africa
Lucas Wu,+27 631-954-3989,46,162492,Brown,Orange,1121 Oxford Road,40702,Cape Town,South Africa
Tariq Martinez,+27 821-962-1367,57,67469,Brown,Silver,5923 Wellington Way,67841,Durban,South Africa
Xiu Xu,+44 140-993-8527,20,63444,Gray,Pink,7251 Main Court,BN50 3AR,London,United Kingdom
Huda Hayashi,+33 153-466-1975,20,188847,Brown,Teal,9880 Windsor Road,96384,Lille,France
Fritz Patel,+1 500-859-1890,63,32063,Green,Teal,4441 William Boulevard,44776,Quebec City,Canada
Greta Moreau,+81 746-974-4896,24,197157,Brown,Yellow,8127 River Lane,745-4963,Nagoya,Japan
Tariq Davis,+44 637-448-7747,21,86989,Brown,Maroon,2765 Albert Place,CA17 8AN,London,United Kingdom
Sofia Haddad,+49 548-677-7945,22,131026,Blue,Teal,2336 York Way,83328,Dresden,Germany
Irina Popov,+86 252-162-5001,64,166841,Blue,Pink,8495 Oak Avenue,21952,Tianjin,China
Robert Karimi,+46 242-361-2382,31,199186,Blue,Red,1979 Pine Drive,21505,Gothenburg,Sweden
Nikolai Yang,+91 878-619-6863,48,108059,Brown,Silver,6038 Church Way,92838,Jaipur,India
Ethan Abubakar,+49 542-523-1948,61,98913,Blue,Green,9610 Oak Drive,15713,Hanover,Germany
Arjun Sato,+34 230-114-5374,62,39079,Brown,Navy,6100 Oak Place,62136,Madrid,Spain
Hiroshi Liu,+55 369-262-3156,62,191263,Green,Yellow,2108 Church Way,19665,Fortaleza,Brazil
Amit Abbas,+39 122-793-1898,63,197676,Brown,White,3425 Cedar Court,98173,Rome,Italy
Zainab Yang,+234 654-768-9386,64,191718,Blue,White,8675 High Road,37415,Abuja,Nigeria
Lei Morozov,+52 678-419-5015,37,121649,Brown,Blue,168 Nelson Street,14197,Merida,Mexico
Elizabeth Okonkwo,+86 600-442-5189,47,125795,Brown,Red,1416 Pine Road,94149,Nanjing,China
Jing Robert,+61 722-635-1036,22,49324,Brown,Navy,4086 Main Street,73255,Perth,Australia
Nikolai Bernard,+52 774-296-4731,40,77984,Blue,Green,6708 Wellington Road,80416,Mexico City,Mexico
Fritz Bakhtiari,+1 946-402-8492,64,106821,Green,Teal,9412 Church Boulevard,51528,Edmonton,Canada
Mei Gupta,+1 809-214-9313,50,100658,Brown,Pink,6590 Oxford Road,51968,Toronto,Canada
Amira Clark,+33 136-706-4059,32,182939,Brown,Teal,7867 Lake Lane,91585,Nice,France
Layla Kozlov,+27 456-768-4681,22,184096,Green,Purple,1947 Park Circle,88291,Durban,South Africa
Amira Khalil,+234 748-139-3802,49,192831,Blue,Pink,3659 River Court,43277,Abuja,Nigeria
Maryam Robinson,+27 230-595-8923,19,54940,Brown,Yellow,2621 Park Circle,83268,Polokwane,South Africa
Franz Harris,+27 783-668-8014,60,82408,Brown,Blue,6483 Windsor Avenue,81645,Durban,South Africa
Sara Yang,+27 881-573-9498,18,151248,Brown,Maroon,1215 Wellington Drive,15812,Bloemfontein,South Africa
Mia Smith,+82 931-889-3787,39,119576,Green,Purple,200 York Avenue,86658,Seoul,South Korea
Amit Oliveira,+234 262-537-5740,44,176761,Blue,Black,1518 Queen Road,64581,Port Harcourt,Nigeria
Miguel Pham,+1 891-449-4888,50,75702,Brown,Silver,4365 Churchill Place,59086,Montreal,Canada
Lea Huang,+46 377-376-7454,57,63371,Hazel,Blue,3763 Station Lane,12509,Vasteras,Sweden
Camille Yamamoto,+966 870-580-6675,59,95291,Blue,Navy,3502 Main Court,17282,Medina,Saudi Arabia
Vikram Weber,+52 375-103-7539,52,95070,Hazel,Gold,3399 George Avenue,41269,Puebla,Mexico
Ingrid Zhang,+82 938-798-6402,20,184708,Brown,Teal,9547 William Road,48036,Incheon,South Korea
Sota Okonkwo,+61 979-685-2077,20,48129,Brown,Teal,9391 Pine Lane,49037,Newcastle,Australia
Elena Hosseini,+46 971-485-4224,43,158331,Brown,Pink,199 William Court,75208,Malmo,Sweden
Noah Hayashi,+46 368-812-2900,19,136376,Brown,Black,401 Lincoln Avenue,56705,Stockholm,Sweden
Ingrid Osei,+1 312-595-7919,31,138908,Brown,Gold,899 Churchill Way,95229,Halifax,Canada
Diego Smirnov,+1 967-793-3008,29,52928,Green,Purple,3432 Nelson Court,27141,Hamilton,Canada
Akiko Li,+44 960-766-6410,42,52591,Brown,Pink,1538 Station Circle,HS48 2AS,Cardiff,United Kingdom
David Karimi,+82 691-915-4400,28,112562,Amber,Blue,2152 William Boulevard,47420,Ulsan,South Korea
Ethan Nguyen,+55 778-596-8616,60,63158,Brown,Gray,6998 Bridge Boulevard,67879,Fortaleza,Brazil
Omar Leroy,+55 121-323-7166,31,142742,Brown,Black,3064 Churchill Drive,50022,Recife,Brazil
Luc Almeida,+39 493-836-8313,49,189256,Brown,Green,4786 Mill Road,72043,Florence,Italy
Ivan Dubois,+1 717-153-5374,48,58954,Brown,White,2597 River Circle,15769,San Diego,United States
Camille Weber,+49 601-261-5752,32,110040,Blue,Navy,2847 Queen Court,61667,Hamburg,Germany
Noah Morozov,+7 136-334-7826,32,127478,Blue,Green,837 Windsor Drive,96141,Yekaterinburg,Russia
Hassan Iyer,+1 394-144-5072,25,62430,Brown,Yellow,805 Park Road,72792,New York,United States
Sakura Anderson,+31 878-938-3610,18,168132,Hazel,Green,8747 Maple Place,18246,Groningen,Netherlands
Takeshi Kobayashi,+44 945-311-9102,24,133036,Blue,Navy,1043 Windsor Circle,BD81 8BJ,Manchester,United Kingdom
Sakura Bakhtiari,+81 141-822-5858,18,194848,Brown,Gray,9869 Cedar Street,468-5742,Tokyo,Japan
Lucas Verma,+34 572-842-2482,52,48091,Brown,Yellow,329 River Place,54894,Cordoba,Spain
Svetlana Iyer,+7 918-267-3602,55,189530,Brown,Black,4563 Wellington Street,30855,Moscow,Russia
Noah Okonkwo,+234 811-757-6385,39,45802,Brown,Maroon,5880 William Boulevard,41790,Lagos,Nigeria
Carlos Hosseini,+49 566-787-5927,64,142464,Brown,Silver,3035 Elm Boulevard,12355,Dusseldorf,Germany
Thomas Reddy,+91 877-132-3799,23,95243,Brown,Yellow,9795 Oxford Drive,17405,Jaipur,India
Amit Dubois,+81 148-678-3957,44,100971,Hazel,Gold,9336 Queen Circle,948-4744,Sendai,Japan
Hugo Kimura,+55 716-811-4594,64,140478,Green,Gold,5390 River Avenue,19150,Porto Alegre,Brazil
Oliver Kimura,+1 498-977-1593,42,81495,Hazel,Gold,735 Market Circle,19223,Vancouver,Canada
Carlos Bakhtiari,+61 954-724-1276,26,147277,Brown,Navy,8199 Churchill Avenue,28732,Brisbane,Australia
Marie Moore,+86 843-187-4696,57,36862,Hazel,Silver,6175 Mill Street,74580,Beijing,China
Hans Harris,+966 110-933-2480,36,109972,Blue,Yellow,4660 Oxford Lane,34249,Khamis Mushait,Saudi Arabia
Min White,+1 779-995-3590,48,134299,Blue,Teal,616 Albert Avenue,91429,Hamilton,Canada
Hassan Schulz,+33 499-748-8130,57,152809,Blue,Silver,5016 Main Drive,11794,Bordeaux,France
Karen Nakamura,+44 653-979-9721,54,67991,Brown,Gray,3520 Oak Place,FY28 9AF,London,United Kingdom
Maria Moreau,+33 321-926-2476,31,173828,Brown,Red,3799 Lincoln Place,89460,Nice,France
Hana Clark,+49 171-111-2688,65,158297,Gray,Navy,659 Elm Boulevard,32307,Hamburg,Germany
Anita Popov,+81 150-915-9261,45,192151,Brown,Purple,9184 Victoria Circle,537-8292,Tokyo,Japan
Fritz Khalil,+46 462-446-3839,45,95423,Brown,Orange,7525 Lincoln Circle,82556,Uppsala,Sweden
Lucas Kozlov,+91 848-926-8870,39,162495,Blue,Purple,669 Market Way,59627,Bangalore,India
Jean Zhou,+234 317-133-6596,29,54517,Blue,Gray,9787 Main Road,94938,Port Harcourt,Nigeria
Richard Taylor,+7 676-255-5867,64,129696,Brown,White,9782 Oak Road,37304,Nizhny Novgorod,Russia
Joseph Sato,+27 943-814-1219,29,114263,Hazel,Blue,9021 King Way,69185,Johannesburg,South Africa
Raj Becker,+52 397-226-1725,48,61993,Brown,Gold,1566 Church Court,59706,Cancun,Mexico
Fatima Abbas,+91 949-326-6012,50,32217,Brown,Orange,2181 William Lane,72725,Ahmedabad,India
Marie Zhou,+33 415-891-2132,34,58834,Brown,White,7019 Wellington Way,90021,Paris,France
Hans Durand,+49 846-497-2649,35,159653,Brown,Orange,6926 Windsor Lane,12320,Leipzig,Germany
Luis Okonkwo,+86 794-273-8032,54,57182,Brown,Maroon,8495 King Circle,56349,Tianjin,China
Pierre Almeida,+33 358-279-2490,24,176823,Blue,Pink,2155 George Street,96203,Lyon,France
Hassan Wagner,+1 945-733-7154,36,42667,Brown,Yellow,3678 Main Boulevard,59944,Hamilton,Canada
Yuki Ito,+55 695-848-6720,57,123765,Brown,Purple,2792 York Lane,47341,Recife,Brazil
Elizabeth Davis,+1 287-861-2769,18,139480,Brown,Teal,2818 Cambridge Way,48327,Halifax,Canada
Kavita Martinez,+61 918-603-9568,46,113005,Gray,Maroon,5007 Maple Road,78852,Sydney,Australia
Sota Nakamura,+46 782-685-3455,38,128421,Green,Purple,4827 River Court,64774,Jonkoping,Sweden
Antoine Kobayashi,+52 878-706-7029,61,137983,Brown,Red,8963 Forest Avenue,82496,Cancun,Mexico
Yan Sharma,+82 693-250-4967,30,58258,Blue,Purple,5763 Maple Road,22128,Ulsan,South Korea
Boris Diallo,+34 716-964-8040,62,134340,Blue,Black,3583 Mill Road,55016,Granada,Spain
Zainab Thomas,+1 378-498-4369,29,134048,Blue,Green,8786 Lincoln Lane,34731,San Diego,United States
Sofia Costa,+33 937-679-3217,25,161236,Brown,Maroon,7848 Maple Drive,72057,Lyon,France
Amira Tanaka,+966 708-198-6448,35,199010,Green,Purple,1302 Park Avenue,40387,Tabuk,Saudi Arabia
David White,+44 698-347-4703,25,95871,Blue,Navy,4367 Church Street,BL6 3AG,Liverpool,United Kingdom
Luc Al-Rashid,+82 844-772-9838,41,39153,Brown,Gray,5711 King Place,83923,Daejeon,South Korea
Anna Liu,+55 596-927-9441,30,188789,Brown,Purple,1980 Wellington Boulevard,24509,Recife,Brazil
Fatima Souza,+86 454-307-1162,22,32117,Blue,Maroon,6869 Oak Drive,61574,Guangzhou,China
Sofia Yang,+61 379-477-2820,64,99226,Brown,Blue,7769 Wellington Drive,52561,Hobart,Australia
Svetlana Mueller,+39 285-343-5872,58,53515,Blue,Maroon,2561 Albert Boulevard,94193,Naples,Italy
Khadija Kozlov,+39 145-235-4363,21,160203,Brown,Teal,4653 Oxford Road,93842,Genoa,Italy
Ahmed Yamamoto,+27 849-104-3382,31,112756,Blue,Navy,6304 George Lane,89168,Kimberley,South Africa
Charles Yang,+1 552-839-9417,53,135252,Brown,Silver,7181 Forest Boulevard,59966,Phoenix,United States
Jing Patel,+7 162-298-5886,61,79734,Blue,Gold,8547 William Lane,13021,Yekaterinburg,Russia
Barbara Schneider,+234 796-524-6615,35,121503,Blue,Maroon,8951 Victoria Road,27939,Lagos,Nigeria
Kavita Meyer,+39 296-532-7778,47,153186,Brown,Gray,521 High Circle,93882,Rome,Italy
Klaus Watanabe,+1 208-333-3763,28,101581,Brown,Yellow,2369 Bridge Drive,15399,Dallas,United States
Elsa Novikov,+49 801-708-1466,20,157799,Brown,Pink,4417 Queen Way,56973,Munich,Germany
Nikolai Smirnov,+55 250-839-9646,51,131939,Hazel,Pink,8520 Elm Avenue,93196,Fortaleza,Brazil
Ali Jones,+39 844-947-5318,41,61901,Hazel,Orange,7495 Pine Boulevard,33824,Rome,Italy
Carlos Iyer,+61 138-542-8242,53,171859,Green,Maroon,5239 Station Place,40957,Canberra,Australia
Ryu Sharma,+91 398-791-8528,42,54816,Green,Gray,4340 Lake Way,52973,Bangalore,India
Zainab Robert,+49 558-119-1450,24,116283,Brown,Red,943 Cambridge Boulevard,29747,Leipzig,Germany
Fritz Schmidt,+27 584-524-6020,21,103318,Amber,Pink,3683 Pine Boulevard,65501,Bloemfontein,South Africa
Ingrid Haddad,+7 450-129-5787,46,107634,Blue,Pink,4870 Pine Avenue,89159,Novosibirsk,Russia
Valentina Lebedev,+49 674-472-4626,57,30659,Blue,Gray,5561 George Street,83906,Frankfurt,Germany
Ana Liu,+1 867-303-4221,29,181615,Gray,Yellow,165 Oxford Avenue,92804,Edmonton,Canada
Ibrahim Clark,+7 884-643-9940,63,109378,Brown,Gold,7565 Station Drive,44928,Yekaterinburg,Russia
Noor Karimi,+1 164-990-4323,48,161668,Brown,Pink,8160 Maple Lane,69305,Dallas,United States
William Traore,+39 509-200-3876,62,96572,Green,Black,7434 Forest Circle,93890,Turin,Italy
Tariq Walker,+86 932-440-1529,43,116486,Hazel,Orange,9985 George Road,95123,Shenzhen,China
Li Rao,+27 245-252-3114,35,79268,Brown,Purple,4528 Lincoln Avenue,83704,Johannesburg,South Africa
Harper Miller,+33 327-249-6656,36,181021,Blue,Orange,6261 Cedar Lane,83002,Paris,France
Fang Khalil,+39 445-979-7520,24,63318,Green,Silver,7390 York Drive,98397,Venice,Italy
Irina Haddad,+81 368-408-8852,58,91443,Brown,Gold,6495 York Way,979-3811,Nagoya,Japan
William Meyer,+81 322-471-2848,42,153656,Brown,Blue,7952 Bridge Road,764-9899,Sendai,Japan
Liam Popov,+7 342-181-5080,41,50183,Brown,Blue,8065 River Avenue,73039,Yekaterinburg,Russia
Lea Thomas,+86 932-608-7870,42,46465,Brown,Maroon,1470 George Avenue,93389,Shenzhen,China
Klaus Rao,+33 621-532-6836,62,88705,Green,Orange,1803 Cedar Drive,13519,Toulouse,France
Barbara Ivanov,+46 403-626-6980,18,194608,Gray,Silver,1883 Queen Lane,36241,Linkoping,Sweden
Diego Williams,+61 107-859-4712,27,183070,Hazel,White,4010 William Boulevard,23656,Hobart,Australia
Hans Schulz,+91 360-884-6479,33,72246,Brown,Maroon,2171 Maple Street,67266,Bangalore,India
Antoine Dubois,+52 958-390-4129,22,44630,Brown,Gold,5627 Park Way,97928,Mexico City,Mexico
Maryam Johnson,+91 645-958-6369,32,97641,Brown,Navy,9607 Victoria Drive,60809,Chennai,India
Ivan Ivanov,+52 717-536-1514,39,155393,Gray,Green,9631 Victoria Circle,34098,Guadalajara,Mexico
Karen Osei,+966 557-726-7934,27,175020,Brown,Red,593 Lake Court,20511,Khobar,Saudi Arabia
Robert Costa,+7 545-819-5260,41,154797,Brown,Blue,4759 Oxford Circle,66748,Yekaterinburg,Russia
Yuna Garcia,+234 751-544-6866,23,122861,Brown,Maroon,1698 Market Boulevard,66999,Lagos,Nigeria
Layla Patel,+31 765-410-2819,47,48238,Brown,Maroon,4384 Lake Boulevard,36957,Nijmegen,Netherlands
Ibrahim Leroy,+7 816-833-2770,27,59867,Blue,Pink,4890 Pine Street,35178,Samara,Russia
Xiu Ito,+44 762-498-8872,56,189511,Gray,Red,744 Nelson Avenue,EN92 5AH,Bristol,United Kingdom
Yan Popov,+46 254-791-8687,23,133803,Hazel,Orange,8385 Market Boulevard,74122,Gothenburg,Sweden
Klaus Miller,+1 381-975-5848,36,33447,Hazel,Gray,8340 Oxford Way,54646,Quebec City,Canada
Maryam Dubois,+34 820-327-1316,57,71788,Hazel,Gold,446 Main Drive,49318,Bilbao,Spain
Svetlana Chen,+55 408-823-5787,59,143249,Brown,Navy,8365 Albert Road,31621,Fortaleza,Brazil
Raj Fischer,+81 986-399-9171,44,85179,Brown,Pink,3015 Oak Drive,308-8994,Osaka,Japan
Mary Moore,+44 494-284-8068,19,193641,Blue,Red,526 Albert Road,EC86 2AR,Cardiff,United Kingdom
Thomas Kimura,+966 254-473-2507,58,96208,Brown,Orange,1540 Cedar Avenue,27212,Khobar,Saudi Arabia
Ryu Xu,+34 593-603-5769,65,43753,Brown,Gold,2293 Pine Court,77329,Bilbao,Spain
Marie Mueller,+44 223-255-3562,62,118891,Gray,Purple,6820 Market Road,DT72 3AN,Birmingham,United Kingdom
William Taylor,+46 542-682-6223,46,59771,Gray,Yellow,6159 York Way,75852,Gothenburg,Sweden
Amit Nasser,+82 388-540-8248,31,127747,Amber,Orange,9312 King Boulevard,55692,Daejeon,South Korea
Noah Robert,+86 808-454-4322,31,197700,Brown,Pink,7958 Oxford Road,79760,Tianjin,China
Yuna Brown,+55 105-152-6183,52,75295,Brown,Gold,7551 Lake Lane,73110,Salvador,Brazil
Ryu Petit,+91 582-927-4831,57,116280,Brown,Black,6637 Market Court,58967,Pune,India
Hassan Rodriguez,+39 160-729-5169,32,38820,Blue,Navy,9997 Queen Circle,89557,Palermo,Italy
Ingrid Okonkwo,+91 629-242-8937,34,85942,Amber,Pink,5014 William Lane,55425,Mumbai,India
Greta Clark,+61 336-932-1236,42,51812,Brown,Yellow,503 Wellington Lane,74335,Canberra,Australia
Greta Verma,+1 155-532-5798,61,196991,Brown,Gold,1353 William Boulevard,56576,San Antonio,United States
Takeshi Meyer,+61 202-274-3220,51,137997,Brown,Silver,4643 Elm Way,49567,Adelaide,Australia
Akiko Smith,+82 881-503-8065,44,196243,Brown,Navy,9423 River Circle,84226,Seoul,South Korea
Noah Watanabe,+55 385-383-3658,44,70485,Blue,Yellow,3309 Churchill Place,30283,Manaus,Brazil
Ali Verma,+1 421-571-6246,32,111235,Amber,Pink,8672 Wellington Place,78913,Winnipeg,Canada
Li Bernard,+86 202-598-5481,27,166486,Brown,Silver,857 Windsor Avenue,81327,Beijing,China
Ryu Al-Rashid,+52 300-209-7063,43,65137,Brown,Blue,2112 George Drive,94007,Leon,Mexico
Nikolai Ferreira,+46 988-113-8862,64,169733,Blue,Yellow,878 Maple Road,56813,Linkoping,Sweden
Hassan Petrov,+1 827-135-6333,46,101915,Brown,Black,8819 Wellington Road,73073,Quebec City,Canada
Isabella Iyer,+55 604-460-9669,35,195867,Brown,Gold,7507 Pine Road,35699,Sao Paulo,Brazil
Noah Rodrigues,+27 324-388-4630,42,114930,Brown,Navy,3694 Victoria Drive,26893,Durban,South Africa
Sota Garcia,+46 925-221-5627,24,132135,Brown,White,1322 Lincoln Way,55365,Malmo,Sweden
Yuna Lewis,+91 473-893-9162,23,191565,Brown,Red,8690 Elm Boulevard,75010,Ahmedabad,India
Li Kuznetsov,+234 795-477-2397,30,89154,Brown,Green,3622 Main Way,85984,Warri,Nigeria
Kenji Durand,+33 969-442-7879,51,124381,Gray,Pink,7061 High Place,11432,Bordeaux,France
Amelia Sato,+86 294-290-8727,37,85516,Gray,Yellow,2418 Park Place,36727,Wuhan,China
Amit Hayashi,+44 571-870-3545,38,94440,Hazel,Black,9563 Park Street,CW27 9BL,Manchester,United Kingdom
William Ito,+31 893-778-9515,51,159672,Brown,Blue,5299 Lake Circle,32340,Amsterdam,Netherlands
Chen Ahmadi,+34 765-180-4615,29,50613,Brown,Yellow,4730 Cambridge Place,92373,Valencia,Spain
Ethan Santos,+7 656-417-6340,23,50531,Amber,White,5314 Forest Road,29505,Omsk,Russia
Greta Sokolov,+91 166-653-8205,53,65878,Brown,Purple,1113 River Way,32651,Ahmedabad,India
Omar Wu,+46 959-228-1068,63,52914,Green,Blue,2508 Market Circle,92962,Orebro,Sweden
Franz Zhou,+33 953-892-8764,35,136508,Blue,Green,6157 Cambridge Court,50793,Lille,France
Sarah Walker,+44 735-831-2858,35,131409,Brown,Red,7733 Cedar Place,CB12 6BR,Leeds,United Kingdom
Takeshi Li,+966 153-333-9848,27,101600,Brown,Yellow,7499 Churchill Lane,55814,Jeddah,Saudi Arabia
Svetlana Sharma,+82 491-997-9326,53,132951,Brown,White,8947 Maple Avenue,12396,Ulsan,South Korea
Mary Iyer,+61 369-167-7750,46,163394,Brown,Black,4820 William Avenue,66909,Sydney,Australia
John Rodriguez,+39 282-475-6118,18,102768,Blue,Gold,3597 Park Way,82549,Genoa,Italy
Olga Thomas,+46 163-143-1543,65,183561,Blue,Pink,3961 George Road,72247,Helsingborg,Sweden
Mary Moreau,+34 942-704-5745,38,104745,Brown,Pink,8579 Park Avenue,15298,Malaga,Spain
Yuki Schulz,+91 174-167-7465,18,122168,Brown,Pink,9614 Mill Avenue,42220,Delhi,India
Chen Petrov,+46 362-625-8804,38,196026,Brown,Pink,6888 Windsor Drive,47382,Linkoping,Sweden
Charlotte Pham,+61 943-649-6661,26,149391,Hazel,Gray,5379 King Court,33775,Sydney,Australia
Patricia Traore,+31 959-649-8292,38,184645,Brown,Gold,4604 Main Lane,22843,Amsterdam,Netherlands
Kenji Kuznetsov,+86 602-332-4732,23,141057,Brown,White,1682 King Circle,58847,Tianjin,China
Priya Ahmadi,+33 760-655-8933,22,85793,Brown,Blue,9334 Station Road,39244,Montpellier,France
Olga Mueller,+234 850-100-3174,36,181905,Hazel,Gray,8566 Church Road,84133,Benin City,Nigeria
Amelia Williams,+82 239-867-5654,32,95578,Hazel,Yellow,9457 Lake Drive,65959,Gwangju,South Korea
Mia Popov,+27 762-156-3266,21,45771,Amber,Purple,6989 York Street,34813,East London,South Africa
Elsa Nasser,+1 222-771-2297,51,142258,Blue,Gold,4643 Cedar Street,11573,San Diego,United States
Irina Kimura,+61 112-980-1644,29,168576,Brown,Teal,3858 Albert Lane,72507,Newcastle,Australia
Hassan Dubois,+46 177-890-4161,51,111775,Brown,Black,9193 Victoria Circle,96000,Orebro,Sweden
Hugo Taylor,+61 510-965-1140,37,42307,Blue,Blue,2925 Victoria Road,25955,Sydney,Australia
Amit Clark,+81 580-454-7130,63,71921,Hazel,Silver,2454 Market Lane,299-5156,Yokohama,Japan
Elizabeth Richard,+86 711-911-7979,51,44235,Brown,Purple,2449 River Place,74176,Chengdu,China
Oliver Santos,+86 470-571-1155,33,128229,Blue,Navy,5387 Mill Circle,42952,Beijing,China
Diego Gupta,+39 183-849-6743,21,144102,Brown,Maroon,1803 Lake Lane,90996,Milan,Italy
Hana Wu,+52 720-527-7790,46,71931,Brown,Navy,6158 George Circle,78849,Monterrey,Mexico
Robert Souza,+39 982-925-9582,47,42273,Brown,Navy,8930 King Road,60303,Milan,Italy
Hugo Osei,+81 580-794-4782,63,100584,Brown,Silver,5415 Oak Way,765-6650,Kyoto,Japan
Lea Durand,+91 742-265-4511,46,83343,Green,Yellow,1925 Cambridge Avenue,39499,Chennai,India
Emma Jones,+44 364-519-7865,35,112013,Green,Black,3272 Market Circle,CO76 7BS,London,United Kingdom
Omar Souza,+49 578-773-2312,50,166675,Brown,Gold,9272 Market Place,55592,Frankfurt,Germany
Sanjay Zhou,+44 555-986-6330,24,175746,Brown,Navy,6312 Lake Road,FY64 7BG,Birmingham,United Kingdom
Ana Nakamura,+61 544-344-6249,36,166125,Blue,Yellow,307 Pine Drive,73041,Gold Coast,Australia
David Hayashi,+61 429-128-5438,45,57352,Brown,Red,7440 River Boulevard,28350,Sydney,Australia
Jean Martin,+234 582-852-2234,43,115604,Blue,Pink,1770 Church Drive,92861,Enugu,Nigeria
Hugo Rodriguez,+82 740-178-5450,37,172770,Green,Maroon,8338 King Lane,28004,Suwon,South Korea
Li Ahmadi,+86 652-898-2527,49,115277,Green,Purple,4092 Churchill Road,36043,Hangzhou,China
Elizabeth Reddy,+27 115-310-9924,52,73038,Brown,Silver,4009 Oak Court,37178,East London,South Africa
Amira Costa,+81 400-346-9373,30,148758,Brown,Red,3496 York Circle,994-3863,Sendai,Japan
Natasha Karimi,+86 588-650-5516,41,126476,Brown,Silver,2255 Victoria Street,95158,Tianjin,China
Isabella Abubakar,+34 532-212-8556,38,178651,Brown,Purple,5916 River Place,87277,Madrid,Spain
Arjun Silva,+91 800-961-8652,25,192091,Brown,Green,6017 Wellington Street,47768,Jaipur,India
Sanjay Watanabe,+86 116-781-4395,37,106577,Gray,White,190 Oak Avenue,27884,Chengdu,China
Svetlana Thomas,+82 533-538-9106,18,62822,Brown,Silver,4251 Churchill Boulevard,52048,Changwon,South Korea
Fang Rao,+46 940-269-5144,20,157067,Brown,Black,6463 William Boulevard,90274,Norrkoping,Sweden
Michael Smith,+34 384-215-1443,49,88653,Brown,Maroon,1543 High Drive,24407,Malaga,Spain
Rashid Richard,+33 137-291-1069,42,66485,Blue,Blue,3714 Lincoln Circle,98152,Nantes,France
Robert Durand,+55 554-244-4825,34,95993,Green,Black,4725 Park Circle,61539,Rio de Janeiro,Brazil
Olga Taylor,+52 798-218-4501,57,39661,Brown,Yellow,9667 Cambridge Place,25008,Guadalajara,Mexico
Thomas Walker,+52 654-961-5541,23,133024,Brown,Yellow,6394 Maple Circle,74555,Tijuana,Mexico
Takeshi Santos,+52 970-115-8056,34,84434,Gray,Gray,3821 Lake Way,77610,Puebla,Mexico
Harper Kimura,+44 761-376-1293,50,146752,Brown,Navy,962 Park Court,CT34 7BY,Liverpool,United Kingdom
Fatima Haddad,+39 878-476-1619,28,118426,Brown,Pink,4187 Church Road,76019,Verona,Italy
Patricia Silva,+234 577-352-5298,39,108835,Brown,Navy,9378 Elm Court,49590,Kano,Nigeria
Miguel Davis,+1 925-478-9498,25,187143,Brown,Silver,1457 York Road,34189,Halifax,Canada
Boris Verma,+27 843-733-3082,40,167087,Green,Navy,2944 Albert Place,45900,Polokwane,South Africa
David Verma,+81 479-270-6501,23,151069,Brown,Red,6378 Albert Circle,611-8858,Nagoya,Japan
Liam Bernard,+1 781-512-1677,31,101724,Brown,White,6058 Victoria Drive,37542,Chicago,United States
Olga Novikov,+7 685-181-3469,21,44133,Hazel,Pink,2107 Main Avenue,58872,Chelyabinsk,Russia
Hana Moore,+31 848-237-4952,25,199310,Hazel,Gray,2251 Bridge Lane,23986,Utrecht,Netherlands
Natasha Traore,+234 578-828-1638,46,165392,Brown,Maroon,8112 Cambridge Circle,11605,Benin City,Nigeria
Deepa Sokolov,+234 349-974-3718,24,58447,Brown,Purple,3750 Maple Lane,70453,Abuja,Nigeria
Patricia Karimi,+44 482-855-6351,32,181622,Blue,Navy,2827 Albert Lane,HR97 4AR,London,United Kingdom
Lucas Clark,+46 967-400-8993,43,43132,Blue,Maroon,5962 Cedar Avenue,44968,Malmo,Sweden
Otto Morozov,+1 363-570-7925,18,156293,Brown,Teal,927 King Drive,51224,New York,United States
Oliver Jones,+52 378-588-3993,59,190257,Hazel,Red,3113 Cedar Lane,69046,Mexico City,Mexico
Pierre Schneider,+966 349-753-4841,29,36606,Brown,Gray,3473 Pine Road,72005,Khobar,Saudi Arabia
Omar Oliveira,+1 751-549-3817,34,77249,Brown,Maroon,5564 Church Lane,30275,Calgary,Canada
Isabella Kozlov,+61 426-297-2349,31,58732,Blue,Blue,5936 Albert Street,77209,Gold Coast,Australia
Noah Rao,+234 732-614-1628,55,68554,Brown,Pink,8709 Main Boulevard,99279,Warri,Nigeria
Carlos Miller,+234 208-429-4848,23,64757,Green,Yellow,9139 Church Circle,84836,Zaria,Nigeria
Charles Pereira,+7 938-705-5204,31,169882,Brown,Gray,7770 King Place,77415,Moscow,Russia
Li White,+39 517-757-2499,47,164613,Brown,Silver,8583 Cambridge Way,70210,Milan,Italy
Juan Richard,+966 356-317-6802,56,62498,Brown,Silver,5913 Church Boulevard,38365,Khamis Mushait,Saudi Arabia
Omar Mensah,+82 336-671-3374,60,114857,Blue,Pink,3835 Maple Way,27741,Gwangju,South Korea
Anna Walker,+52 200-991-1458,59,48399,Hazel,Orange,9358 Mill Boulevard,80413,Cancun,Mexico
Takeshi Lima,+39 672-605-3355,42,108107,Brown,Silver,8164 Windsor Road,55297,Milan,Italy
Amira Wang,+46 222-228-1261,27,99357,Green,Gray,1196 King Lane,47240,Vasteras,Sweden
Alexei Hayashi,+39 221-470-5957,50,67614,Brown,Blue,7789 Station Street,19864,Florence,Italy
Omar Petrov,+81 558-141-5161,26,165861,Blue,Red,3093 Forest Avenue,881-2418,Sapporo,Japan
Juan Gupta,+966 832-221-2143,64,112064,Green,Silver,602 Bridge Drive,27506,Tabuk,Saudi Arabia
William Costa,+234 279-970-2704,57,170866,Brown,Blue,2286 Main Circle,72716,Zaria,Nigeria
Anna Walker,+34 244-880-1453,20,152129,Blue,Green,3602 York Street,43537,Zaragoza,Spain
Mary Osei,+91 749-529-6347,26,152229,Brown,Gold,4888 Windsor Road,25353,Bangalore,India
Anna Bakhtiari,+52 887-935-5874,36,195997,Brown,Silver,592 Oxford Circle,69353,Cancun,Mexico
Maria Fischer,+91 971-873-7568,25,33497,Green,Maroon,8462 Park Avenue,29334,Pune,India
Arjun Weber,+7 203-881-8548,52,84576,Blue,Red,2704 Elm Way,28874,Nizhny Novgorod,Russia
Marie Iyer,+91 557-191-1068,24,76475,Brown,Gold,4728 Maple Avenue,87540,Mumbai,India
Luc Meyer,+7 333-104-8847,20,188503,Brown,Pink,8971 River Road,72551,Saint Petersburg,Russia
Huda Costa,+1 276-907-7792,44,165419,Brown,Silver,173 George Lane,68615,Toronto,Canada
Lea Costa,+61 303-695-7073,45,168911,Brown,Maroon,6545 Maple Road,17347,Newcastle,Australia
Mary Tran,+27 829-183-7968,47,126605,Brown,Green,8780 Nelson Circle,68015,Kimberley,South Africa
Min Weber,+1 610-612-4414,20,71866,Brown,White,9790 Cambridge Place,72288,Philadelphia,United States
Diego Garcia,+31 886-155-3390,64,197285,Green,White,3037 King Drive,95256,Nijmegen,Netherlands
Natasha Nakamura,+1 163-782-7405,55,184375,Blue,Teal,7518 River Way,42563,Toronto,Canada
Khalid Robinson,+82 756-618-8400,64,107141,Brown,Silver,1110 Pine Road,78702,Changwon,South Korea
Deepa Walker,+46 563-564-2347,29,47806,Blue,Red,1645 High Avenue,82957,Helsingborg,Sweden
Li Xu,+39 267-526-3696,25,78562,Hazel,Red,9684 Station Road,20644,Bologna,Italy
Sophie Zhang,+52 264-523-8489,19,170967,Brown,Gold,8279 Park Drive,84128,Tijuana,Mexico
Noor Nasser,+81 695-766-1755,39,127112,Brown,Red,4398 Cambridge Boulevard,966-7075,Yokohama,Japan
Amit Schneider,+46 445-776-7703,52,142508,Brown,Silver,6686 Church Road,80862,Malmo,Sweden
Fatima Silva,+52 868-931-5554,28,107607,Brown,Orange,7756 Queen Drive,76886,Leon,Mexico
Greta Lewis,+55 553-778-9704,34,148843,Brown,Teal,734 Maple Place,65693,Porto Alegre,Brazil
John Singh,+81 559-721-5003,24,187377,Brown,Teal,2113 Albert Road,706-2833,Yokohama,Japan
Diego Petrov,+82 649-185-9584,26,78818,Brown,Gray,6048 Nelson Place,53336,Incheon,South Korea
Charles Mansour,+234 747-893-6432,63,48840,Blue,Blue,8419 High Place,14002,Warri,Nigeria
Sofia Mueller,+1 240-724-5110,63,147194,Green,Gold,5563 Mill Drive,65364,Quebec City,Canada
William Mansour,+33 685-717-3305,30,74128,Brown,Red,4259 Elm Boulevard,23196,Lyon,France
Joseph Petit,+34 495-741-5448,22,156820,Green,Yellow,9004 River Boulevard,98563,Cordoba,Spain
Maria Morozov,+86 765-455-8289,26,142360,Blue,Red,5011 Cambridge Place,66910,Wuhan,China
Charlotte Tran,+52 892-143-2527,46,70576,Brown,Silver,9005 Cambridge Way,59882,Puebla,Mexico
Mia Karimi,+27 425-852-7745,24,114531,Hazel,Maroon,9904 Park Court,48546,Durban,South Africa
Sofia Haddad,+91 395-288-5190,51,61487,Brown,Pink,5948 Lake Court,17246,Bangalore,India
Amelia Novikov,+61 273-154-2081,33,152567,Blue,Green,3020 Church Boulevard,99495,Adelaide,Australia
Natasha Traore,+55 339-878-2005,30,38158,Brown,Blue,2212 Albert Boulevard,16429,Porto Alegre,Brazil
Jessica Wang,+27 202-181-5146,60,77412,Green,White,1075 Lake Road,35173,Johannesburg,South Africa
Sota Almeida,+61 902-780-6794,65,150652,Green,Orange,8889 Albert Street,87802,Gold Coast,Australia
Emma Watanabe,+81 359-981-8057,63,128763,Brown,Gold,7692 Oxford Place,217-8469,Kyoto,Japan
Vikram Zhang,+966 327-189-2630,37,78428,Brown,Orange,5081 Bridge Drive,13361,Khamis Mushait,Saudi Arabia
Diego Hoffmann,+46 490-718-8065,62,141040,Brown,Gold,8857 Windsor Avenue,31258,Stockholm,Sweden
Hiroshi Tanaka,+49 149-921-5548,32,51122,Amber,Purple,9274 King Street,76844,Hanover,Germany
William Verma,+52 764-465-4429,57,76445,Green,Blue,7766 Mill Avenue,62702,Cancun,Mexico
James Ito,+49 911-618-9072,53,85146,Gray,Navy,365 Victoria Drive,94314,Dresden,Germany
William Petrov,+55 247-521-1604,45,61519,Hazel,Navy,9141 Bridge Place,48855,Fortaleza,Brazil
Fang Moore,+49 365-270-4756,55,90725,Brown,Yellow,6829 William Avenue,21985,Hamburg,Germany
Omar Lima,+966 393-280-9064,34,35928,Green,Gold,3833 George Circle,41292,Mecca,Saudi Arabia
Joseph Leroy,+49 299-555-6055,57,101717,Brown,Teal,4375 York Road,65829,Dusseldorf,Germany
Wei Popov,+39 678-578-4723,52,173966,Hazel,Gray,9031 Elm Lane,96072,Rome,Italy
Liam Patel,+46 908-417-8920,62,168248,Brown,Gold,9383 Nelson Drive,79175,Stockholm,Sweden
James Gupta,+82 260-203-3059,22,183187,Brown,Pink,1254 Forest Drive,18658,Gwangju,South Korea
Svetlana Ahmadi,+81 541-966-2875,44,89178,Gray,Yellow,3257 Churchill Court,902-8325,Nagoya,Japan
Luis Osei,+86 709-318-1158,57,105016,Brown,Pink,2920 Wellington Drive,30338,Xian,China
Robert Verma,+234 167-719-8809,58,181941,Brown,Black,718 George Drive,44761,Lagos,Nigeria
Noor Miller,+44 763-664-3911,18,31015,Brown,Maroon,2876 Maple Place,EX98 7BY,Bristol,United Kingdom
Robert Kuznetsov,+91 309-579-4424,65,50369,Brown,Red,5653 Oak Way,25417,Delhi,India
Pierre Sharma,+39 990-796-6616,59,32914,Blue,Navy,2196 Mill Boulevard,75098,Naples,Italy
Mohammed Diallo,+1 694-307-9744,36,36848,Gray,Red,1641 Oxford Street,37279,Edmonton,Canada
James Sharma,+52 314-831-7971,62,193843,Blue,Yellow,8592 George Court,96481,Leon,Mexico
Akiko Gupta,+27 746-993-5327,61,150959,Brown,Silver,6639 Cedar Avenue,71216,Durban,South Africa
Marie Fischer,+52 508-620-5905,46,40363,Hazel,Blue,4105 Victoria Drive,93235,Monterrey,Mexico
Vikram Bakhtiari,+91 608-912-7478,22,130467,Brown,Orange,9246 Forest Avenue,39270,Ahmedabad,India
Yusuf Johnson,+81 988-614-9551,23,108740,Brown,Yellow,5079 River Street,890-6796,Sapporo,Japan
Sofia Haddad,+55 964-364-7471,50,107035,Brown,Gray,4643 Lake Way,52014,Brasilia,Brazil
Li Kobayashi,+44 387-924-6150,22,198011,Brown,Black,2439 Cambridge Boulevard,EN48 8AR,Cardiff,United Kingdom
Klaus Becker,+49 225-322-6396,22,146389,Brown,Teal,9925 Maple Avenue,62595,Leipzig,Germany
Otto Chen,+55 301-486-2883,61,182345,Brown,Maroon,3056 Bridge Boulevard,96709,Fortaleza,Brazil
Takeshi Haddad,+1 178-552-7436,33,160897,Brown,Pink,5663 Church Road,50981,Calgary,Canada
Charlotte Pereira,+7 335-967-4957,49,138112,Brown,Green,3497 Station Street,61926,Yekaterinburg,Russia
Charlotte Dubois,+33 298-431-4644,40,57459,Brown,White,8391 Maple Drive,42728,Marseille,France
Anita Sokolov,+44 580-349-5821,22,151010,Brown,Pink,701 Albert Way,DH48 6AP,Leeds,United Kingdom
Thomas Almeida,+49 662-270-6739,46,156855,Brown,Green,8986 Wellington Drive,25906,Stuttgart,Germany
Elsa Jones,+46 830-815-4937,62,128937,Brown,Navy,9202 Wellington Boulevard,80319,Helsingborg,Sweden
Boris Fischer,+34 915-166-4658,35,84887,Brown,Maroon,110 River Avenue,67515,Cordoba,Spain
Deepa Ito,+966 758-729-5915,63,71141,Green,Purple,1073 Mill Circle,34473,Buraidah,Saudi Arabia
Kavita Nguyen,+55 270-908-5633,59,69501,Blue,Orange,2597 Main Road,45650,Rio de Janeiro,Brazil
Huda Garcia,+31 545-775-2328,46,125235,Brown,Gray,5140 Station Lane,23039,Rotterdam,Netherlands
Zainab Lima,+61 620-931-6094,33,71972,Brown,Gray,9028 Main Lane,15217,Perth,Australia
Amira Jackson,+1 595-166-6907,41,92197,Brown,Silver,1836 Lake Boulevard,61782,San Antonio,United States
Ingrid Brown,+91 640-501-3102,29,159976,Blue,Pink,3937 Cambridge Place,54236,Jaipur,India
Sota Reddy,+61 914-753-9635,30,133499,Blue,Black,7707 Mill Boulevard,69898,Adelaide,Australia
Aisha Thomas,+1 467-635-2471,61,30114,Green,Silver,9369 Elm Drive,77118,Los Angeles,United States
Barbara Traore,+1 313-422-6391,58,90501,Hazel,Teal,1163 Market Place,30350,Montreal,Canada
Thomas Khalil,+31 981-260-3579,35,186116,Blue,Silver,411 Oxford Lane,33839,Rotterdam,Netherlands
Noah Wu,+82 154-686-5159,51,151295,Blue,Purple,7863 Pine Boulevard,28366,Seoul,South Korea
Yuna Khalil,+7 335-122-3743,53,134183,Brown,Green,7628 Wellington Boulevard,26514,Samara,Russia
Jean Kozlov,+39 637-762-4776,64,35981,Brown,Navy,328 Albert Avenue,29683,Verona,Italy
Luc Patel,+91 884-796-2457,25,100510,Brown,Pink,9574 River Drive,10437,Bangalore,India
Aisha Morozov,+82 167-444-9721,55,192396,Gray,Yellow,8836 Cambridge Avenue,19979,Daegu,South Korea
Robert Tran,+1 594-182-1429,46,96440,Brown,Black,1588 High Place,18565,Winnipeg,Canada
Jennifer Gupta,+52 397-899-5147,25,132685,Brown,Red,8736 Lake Circle,42973,Puebla,Mexico
Noor Patel,+44 479-188-2916,19,115274,Brown,Green,1536 Park Avenue,HG2 9BJ,Leeds,United Kingdom
Kenji Yamamoto,+31 893-443-7063,63,57117,Blue,Green,6722 York Avenue,55360,Amsterdam,Netherlands
Hassan Zhang,+33 556-849-8603,55,181879,Brown,Yellow,9133 King Street,62141,Paris,France
Jean Schneider,+34 264-654-3598,48,140429,Blue,Maroon,9761 Market Place,22498,Zaragoza,Spain
Ingrid Rodrigues,+52 751-731-3281,45,76572,Brown,Navy,4891 Mill Way,81264,Mexico City,Mexico
Juan Walker,+966 762-336-5401,46,52726,Brown,Purple,9291 Oak Drive,78449,Khamis Mushait,Saudi Arabia
Alexei Jackson,+39 908-704-4295,43,181183,Blue,Maroon,3897 Cambridge Place,16088,Genoa,Italy
Luc Bernard,+81 170-965-5812,48,113162,Gray,Gray,6357 Lincoln Place,944-1186,Sapporo,Japan
Harper Verma,+234 590-243-6339,56,137982,Brown,White,3198 Mill Street,52168,Lagos,Nigeria
Franz Martinez,+34 177-643-2082,25,102372,Blue,Purple,1222 Main Place,89394,Malaga,Spain
Li Okonkwo,+39 136-989-3309,53,190715,Gray,Red,9516 Park Boulevard,42534,Venice,Italy
Amira Mueller,+49 805-728-2477,59,83523,Brown,White,3801 Maple Road,82103,Leipzig,Germany
Maria White,+91 225-562-3306,52,94906,Brown,Red,7175 Windsor Place,66365,Ahmedabad,India
Aisha Singh,+234 200-218-6510,22,33640,Brown,Red,597 Albert Road,70861,Ibadan,Nigeria
Jennifer Jones,+55 636-172-1513,18,69325,Brown,Pink,4295 William Avenue,55302,Manaus,Brazil
Aisha Tran,+234 403-257-7181,33,123075,Hazel,Red,6570 Cedar Way,26392,Zaria,Nigeria
Oliver Lima,+27 685-689-5819,30,129882,Brown,Orange,1972 Wellington Avenue,79176,Cape Town,South Africa
Susan Oliveira,+55 209-251-1944,61,67936,Hazel,Silver,1231 Pine Lane,20757,Rio de Janeiro,Brazil
Emma Martin,+44 708-112-1322,46,39190,Hazel,Gray,9890 Windsor Avenue,CO43 6AA,Birmingham,United Kingdom
Patricia Kobayashi,+91 947-660-8836,29,62169,Brown,Teal,404 George Drive,38916,Ahmedabad,India
Sanjay Zhou,+86 352-235-4241,37,126045,Brown,Red,1801 Station Road,46158,Chengdu,China
Thomas Meyer,+55 196-353-4987,18,176097,Green,Pink,8168 Victoria Boulevard,30087,Sao Paulo,Brazil
Anna Iyer,+86 414-768-8723,41,140324,Blue,Navy,1442 George Boulevard,37255,Nanjing,China
Sota Abbas,+27 546-302-1115,34,104972,Brown,Yellow,5259 Main Avenue,62692,Pretoria,South Africa
James Okonkwo,+34 874-452-3432,62,191066,Blue,Green,2080 Albert Drive,86477,Madrid,Spain
Li Popov,+33 792-540-5969,49,164511,Blue,Maroon,3136 Lincoln Road,24462,Lille,France
Antoine Khalil,+1 518-888-5970,38,170722,Brown,Black,1468 River Circle,96205,Chicago,United States
John Xu,+34 266-916-5991,51,98506,Hazel,Green,953 Forest Avenue,69821,Cordoba,Spain
Olga Schulz,+34 212-358-2160,28,99725,Brown,Maroon,2782 Oxford Circle,95881,Madrid,Spain
Li Schmidt,+49 584-720-5293,20,170178,Brown,Black,4209 Lincoln Circle,75532,Dresden,Germany
Tariq Costa,+44 818-641-2226,18,157090,Blue,Gray,1678 Churchill Drive,DN88 8AX,Sheffield,United Kingdom
Luis Ito,+55 313-446-7383,48,125967,Brown,Maroon,1083 Oxford Court,48670,Curitiba,Brazil
Jennifer Jones,+234 353-680-4681,62,148898,Blue,Purple,3182 Nelson Place,83972,Zaria,Nigeria
Sota Diallo,+966 772-724-9018,20,147230,Brown,Black,4075 Lake Drive,73881,Khobar,Saudi Arabia
Fritz Karimi,+44 753-441-3576,53,112115,Hazel,Blue,8110 Maple Place,CW92 5BB,Cardiff,United Kingdom
Mohammed Williams,+46 115-136-4624,54,40021,Green,Navy,3474 High Avenue,37512,Stockholm,Sweden
Diego Taylor,+1 718-303-5698,45,86681,Blue,Silver,646 Maple Boulevard,14140,Edmonton,Canada
Sarah Karimi,+55 948-793-3228,50,123545,Brown,White,108 Pine Circle,75093,Rio de Janeiro,Brazil
Lea Richard,+55 847-486-3404,44,185407,Blue,Gold,5605 Main Court,92017,Fortaleza,Brazil
Robert Wagner,+34 988-724-8306,46,122425,Brown,Gold,3371 York Avenue,95381,Valencia,Spain
Hans Smith,+49 261-156-9791,56,161013,Brown,White,6550 Lake Way,74216,Leipzig,Germany
Liam Schneider,+49 692-710-3834,47,139513,Brown,Purple,4414 Nelson Way,14663,Cologne,Germany
Antoine Chen,+81 744-693-4528,29,86075,Green,Maroon,7101 Elm Court,424-5869,Kobe,Japan
Fang Jackson,+49 896-930-9863,31,179905,Green,Pink,689 Queen Way,89531,Frankfurt,Germany
Hugo Bakhtiari,+7 497-120-1019,47,108194,Blue,Blue,2416 Church Place,39980,Omsk,Russia
Mary Meyer,+1 810-485-8449,64,172445,Blue,Black,9298 William Court,25621,Halifax,Canada
Sota Tanaka,+61 576-764-5735,42,73651,Brown,Navy,1995 Main Boulevard,24806,Perth,Australia
Olga Morozov,+91 327-880-2155,48,81330,Gray,Silver,9016 Nelson Way,46008,Kolkata,India
Li Harris,+82 631-994-6317,39,43916,Brown,Purple,2389 Maple Road,35069,Daejeon,South Korea
Dmitri Fischer,+55 897-537-4354,37,116792,Blue,Gold,9788 Windsor Drive,26424,Recife,Brazil
Huda Robert,+27 334-862-8845,43,149447,Blue,Yellow,5150 Lake Court,73883,Cape Town,South Africa
Lea Pereira,+81 828-168-5691,59,81888,Brown,Green,8907 High Place,791-6649,Yokohama,Japan
Maryam Schulz,+234 666-838-3771,42,182712,Brown,Silver,8778 Main Drive,64900,Ibadan,Nigeria
Amira Schneider,+55 547-703-8936,27,161589,Brown,Teal,6484 Oak Street,91285,Rio de Janeiro,Brazil
Luc Walker,+81 184-572-1049,62,47622,Brown,Orange,9174 Lake Way,197-5037,Sendai,Japan
Valentina Bakhtiari,+82 187-618-3451,35,171566,Brown,White,3571 Maple Drive,11151,Ulsan,South Korea
Robert Wu,+82 784-972-4776,48,191875,Blue,Gold,9674 Wellington Place,69255,Seoul,South Korea
Hugo Yang,+44 441-661-6919,48,119178,Brown,White,6265 York Boulevard,BN26 2AW,Edinburgh,United Kingdom
Camille Wu,+34 590-346-3240,20,135451,Gray,White,3751 Cambridge Boulevard,72244,Granada,Spain
Kavita Nakamura,+91 116-599-3467,34,191053,Brown,Gray,8806 York Drive,32422,Pune,India
Maryam Nasser,+33 738-279-4348,38,134237,Brown,Navy,7117 Oxford Way,35304,Marseille,France
Anna Nair,+7 652-176-8277,53,181000,Green,Maroon,9905 High Court,66938,Moscow,Russia
Natasha Jackson,+44 150-648-9343,61,169223,Brown,Teal,1088 Forest Avenue,BR43 7BN,Leeds,United Kingdom
Isabella Novikov,+52 215-590-6987,51,158178,Brown,Gold,6920 River Drive,72617,Guadalajara,Mexico
Elsa Al-Rashid,+49 744-411-4697,50,156769,Hazel,Orange,3267 River Place,97266,Cologne,Germany
Luc Nguyen,+7 209-497-6477,64,37350,Blue,Navy,9317 High Court,85841,Saint Petersburg,Russia
Ana Becker,+52 588-837-4876,30,114446,Green,Maroon,5347 Church Circle,50062,Juarez,Mexico
Juan Mensah,+966 930-851-8172,42,160398,Brown,Silver,3537 Nelson Drive,14922,Khamis Mushait,Saudi Arabia
Fang Ferreira,+86 937-931-8493,34,163141,Brown,Orange,4634 Station Road,80073,Chengdu,China
Ingrid Liu,+34 804-385-8253,22,81281,Brown,White,5934 Market Drive,16061,Madrid,Spain
Jessica Kumar,+91 631-247-6054,35,54748,Hazel,Yellow,2576 Mill Drive,24883,Chennai,India
Luis Schmidt,+34 658-122-5043,58,185491,Brown,Black,2703 Pine Court,57660,Seville,Spain
Noah Osei,+82 938-634-3270,62,190719,Brown,Teal,9405 Windsor Way,89687,Daegu,South Korea
Chen Kobayashi,+33 543-119-7860,64,144241,Hazel,Orange,1530 Wellington Avenue,66142,Nantes,France
Karen Khalil,+234 462-433-1928,63,180283,Brown,Yellow,9338 Market Avenue,95900,Port Harcourt,Nigeria
Pierre Singh,+1 858-498-6068,32,86421,Brown,Purple,5370 High Place,74659,Vancouver,Canada
Jessica Ahmadi,+91 438-804-4584,35,61747,Brown,Green,6280 Churchill Circle,78095,Mumbai,India
Hiroshi Wang,+27 415-816-3359,34,198754,Brown,Purple,1561 Main Street,45043,East London,South Africa
Jean Abubakar,+46 231-802-3265,36,162383,Blue,Red,2050 Elm Way,40107,Gothenburg,Sweden
Hassan Abbas,+31 508-735-7487,62,83096,Gray,Silver,7627 George Circle,93544,Utrecht,Netherlands
Hiroshi Karimi,+7 409-135-6412,21,62034,Brown,Navy,9614 Bridge Lane,16686,Novosibirsk,Russia
Ali Moreau,+61 803-680-8779,28,34577,Brown,Pink,8804 Oxford Way,77139,Perth,Australia
Hassan Oliveira,+1 593-987-1936,47,157463,Brown,Teal,1021 Church Drive,38026,Winnipeg,Canada
Sophie Fischer,+86 279-268-4135,49,138949,Brown,Gold,4939 River Place,71527,Wuhan,China
Thomas Santos,+27 188-955-5984,64,190748,Blue,Pink,7610 Cedar Place,43912,Nelspruit,South Africa
Jean Schmidt,+82 990-842-8275,41,44163,Blue,Maroon,7272 Victoria Court,41412,Ulsan,South Korea
Rashid Moore,+86 846-589-4796,35,38993,Green,Teal,930 Market Avenue,30234,Nanjing,China
Lea Haddad,+46 494-668-8971,58,182938,Brown,Silver,8107 Maple Lane,93543,Stockholm,Sweden
William Wu,+46 875-751-5076,43,132968,Blue,Blue,9181 Church Place,57204,Jonkoping,Sweden
Nikolai Pereira,+234 683-746-1497,60,98806,Brown,Silver,1949 Pine Circle,89144,Kaduna,Nigeria
Chen Smith,+31 551-581-2076,37,190313,Brown,White,8443 Maple Boulevard,86416,Eindhoven,Netherlands
Vikram Suzuki,+91 575-108-4436,24,91038,Blue,Gold,903 York Lane,58300,Chennai,India
Yuki Lebedev,+82 309-592-3779,29,57189,Brown,Pink,6781 Churchill Drive,90826,Gwangju,South Korea
Maria Wu,+1 965-245-8859,20,81567,Brown,Yellow,2531 Mill Drive,30595,Ottawa,Canada
Fritz Meyer,+55 656-252-9983,36,154913,Blue,Pink,8309 Main Lane,71199,Brasilia,Brazil
Khadija Nasser,+27 743-625-7165,57,170924,Brown,Gold,1863 Station Street,67502,Johannesburg,South Africa
Otto Suzuki,+49 565-661-3405,44,145725,Blue,White,5466 Forest Lane,98342,Hamburg,Germany
Liam Wagner,+39 205-216-7261,45,181509,Brown,White,5894 Albert Circle,68936,Milan,Italy
Hassan Tanaka,+86 942-308-3412,18,119393,Brown,Gold,4840 Oak Place,67345,Hangzhou,China
Joseph Wang,+33 455-751-2182,33,104789,Brown,Black,224 Station Road,26162,Paris,France
Mia Hosseini,+55 720-560-5495,38,162160,Blue,Gold,5598 Pine Court,84958,Rio de Janeiro,Brazil
Hana Meyer,+234 120-817-8389,39,73189,Hazel,White,660 Church Way,72673,Ibadan,Nigeria
Yuna Ito,+33 461-988-4610,48,86444,Brown,Silver,7202 King Way,82886,Marseille,France
Boris Patel,+234 116-152-7674,19,172852,Hazel,Gray,4930 King Lane,80743,Abuja,Nigeria
Hassan Haddad,+33 407-407-5755,18,167241,Brown,Silver,7485 Maple Boulevard,18102,Nice,France
James Ito,+91 975-945-8108,35,78558,Brown,Gold,3188 River Way,66372,Hyderabad,India
Elizabeth Novikov,+31 413-498-1370,36,108919,Hazel,Gray,7168 Victoria Road,91850,Groningen,Netherlands
Hugo Davis,+39 708-596-3253,34,82301,Brown,Green,7504 Victoria Circle,19947,Florence,Italy
Greta Rodrigues,+33 447-141-8105,26,164955,Hazel,Red,2227 Lincoln Way,50274,Nice,France
Noor Garcia,+91 397-950-3486,43,69555,Brown,Gold,1197 Lincoln Place,76602,Ahmedabad,India
Robert Li,+1 785-506-2141,37,53849,Blue,Green,6868 Queen Lane,83992,Houston,United States
Irina Nielsen,+234 509-262-5338,22,69253,Brown,Gold,812 Church Road,64869,Ibadan,Nigeria
Khadija Ferreira,+82 580-609-3141,62,195392,Hazel,Black,6267 River Street,28378,Gwangju,South Korea
Diego Brown,+46 888-995-4938,52,172405,Brown,Gold,7516 King Road,82799,Gothenburg,Sweden
Fang Martin,+55 243-144-7683,59,143751,Blue,Silver,9319 Churchill Place,85923,Belo Horizonte,Brazil
Jennifer Huang,+7 682-680-6001,47,168612,Blue,Black,6280 Market Court,16075,Kazan,Russia
Kavita Miller,+55 834-842-7514,62,136585,Brown,Navy,7212 Oxford Street,48142,Belo Horizonte,Brazil
Jessica Yamamoto,+7 722-775-6584,39,127757,Brown,Maroon,1597 Lincoln Boulevard,37337,Moscow,Russia
Fatima Diallo,+44 567-779-7470,59,152197,Brown,Gray,8469 River Avenue,AB32 1AS,London,United Kingdom
Mohammed Souza,+49 174-514-7416,37,99879,Brown,Gold,1030 Mill Avenue,48550,Hamburg,Germany
Sunita Lebedev,+1 639-365-3989,47,165331,Brown,Orange,5733 Cedar Road,44550,San Antonio,United States
Xiu Smirnov,+7 187-929-8269,22,167891,Brown,Orange,6653 Church Place,96395,Moscow,Russia
Rashid Rao,+82 275-831-3838,26,71315,Brown,Maroon,2598 Lincoln Circle,83763,Changwon,South Korea
Elizabeth Leroy,+61 176-319-3110,18,35507,Brown,Green,5822 Elm Circle,70151,Perth,Australia
Jean Zhou,+31 283-591-3324,33,117854,Brown,Green,4504 Mill Court,92469,Groningen,Netherlands
Hugo Thomas,+34 963-411-6142,43,102532,Brown,Teal,8441 George Road,23771,Granada,Spain
Huda Hayashi,+34 930-671-6561,62,102529,Blue,Black,7971 Windsor Boulevard,31011,Alicante,Spain
Lucas Huang,+86 660-738-9920,50,32607,Green,Silver,9640 Victoria Way,40122,Xian,China
Deepa Leroy,+234 532-412-9758,28,33672,Green,Pink,584 Oak Drive,82054,Port Harcourt,Nigeria
Isabella Osei,+31 520-598-1869,54,154655,Blue,Blue,8602 High Way,12779,Rotterdam,Netherlands
Min Leroy,+46 820-165-4616,39,141888,Brown,White,6154 Lake Road,98589,Jonkoping,Sweden
Jing Verma,+55 553-707-6652,65,112336,Brown,Navy,6448 Oxford Street,94489,Belo Horizonte,Brazil
Isabella Harris,+86 560-321-7085,46,68546,Brown,Black,764 Lincoln Avenue,15103,Nanjing,China
Hana Mansour,+52 594-103-6414,37,70352,Brown,Red,9021 King Place,21850,Merida,Mexico
Patricia Yamamoto,+1 695-960-1172,54,193352,Blue,Green,2582 Albert Drive,83356,Chicago,United States
Hiroshi Sato,+81 581-213-4939,38,39908,Brown,Green,8130 Maple Place,517-9714,Sendai,Japan
Lucas Martinez,+966 970-483-3748,50,44536,Brown,Black,6483 Cedar Road,57771,Abha,Saudi Arabia
Robert Nair,+44 365-788-2299,59,108888,Brown,Black,5852 Main Avenue,EC98 8BD,Manchester,United Kingdom
Ibrahim Weber,+49 419-112-9121,30,131929,Hazel,Purple,3228 Forest Street,71119,Dresden,Germany
Fang Diallo,+39 776-838-1700,42,148679,Brown,Gold,2244 River Drive,23224,Naples,Italy
Anna Mansour,+31 247-511-8961,45,46189,Brown,Purple,991 Station Road,93029,Maastricht,Netherlands
Yuna Zhang,+82 575-951-6784,42,56181,Brown,Gold,4389 York Street,17867,Ulsan,South Korea
James Robinson,+46 412-643-1737,36,117123,Brown,Black,6586 King Court,55082,Helsingborg,Sweden
Klaus Verma,+234 492-135-1824,58,35853,Brown,Gray,2773 High Way,98889,Benin City,Nigeria
Nikolai Martinez,+39 978-284-5708,58,169787,Blue,Teal,9350 Windsor Lane,67621,Verona,Italy
Jennifer Okonkwo,+55 968-693-9688,51,142839,Brown,Navy,925 William Circle,91621,Porto Alegre,Brazil
Charlotte Tran,+31 557-586-4557,27,141815,Green,Black,5605 William Road,26084,Rotterdam,Netherlands
Michael Ivanov,+7 779-625-5434,25,50908,Hazel,Maroon,7660 Cedar Way,90830,Samara,Russia
Takeshi Richard,+39 339-990-1577,33,126059,Brown,Green,7340 Windsor Boulevard,62139,Verona,Italy
Kavita Lima,+91 381-837-9193,19,157385,Brown,Gray,8232 Cedar Drive,13158,Delhi,India
Michael Wang,+55 939-802-5108,61,99662,Amber,Black,679 Nelson Circle,94566,Belo Horizonte,Brazil
Jean Leroy,+1 441-531-9197,48,133055,Brown,Orange,8723 Queen Court,98425,Quebec City,Canada
Diego Lewis,+27 259-493-6997,49,179541,Brown,Yellow,3442 William Circle,84083,East London,South Africa
Robert Gupta,+34 848-183-8137,21,119584,Brown,Navy,6983 Lake Road,25447,Madrid,Spain
Khalid Sharma,+7 799-736-6534,36,45273,Brown,Maroon,3584 Pine Avenue,57856,Kazan,Russia
Khalid Liu,+966 362-293-6427,44,195955,Brown,Teal,5803 Bridge Court,35269,Dammam,Saudi Arabia
Maria Zhang,+55 584-158-1531,36,137041,Brown,Green,6211 Forest Boulevard,95184,Salvador,Brazil
Aisha Novikov,+234 591-669-6571,35,96130,Blue,Teal,3306 Lincoln Boulevard,68237,Kano,Nigeria
Greta Abbas,+7 245-201-9509,30,142897,Brown,Red,2364 Station Court,53014,Saint Petersburg,Russia
Isabella Davis,+49 956-877-4818,56,97088,Brown,Yellow,5831 Queen Circle,62390,Dusseldorf,Germany
Sofia Hosseini,+55 573-123-2693,29,64429,Gray,Teal,9465 Station Court,38189,Brasilia,Brazil
Elena Dubois,+1 833-887-3146,54,82841,Green,Blue,4124 Market Place,64428,Montreal,Canada
Robert Mueller,+7 742-466-1792,25,155476,Brown,Silver,7061 King Place,14932,Novosibirsk,Russia
Amit Walker,+34 416-669-8370,61,176546,Brown,Red,6988 Cambridge Avenue,18522,Cordoba,Spain
Yan Petrov,+55 921-262-9128,43,139070,Blue,White,248 Forest Road,37227,Brasilia,Brazil
Jing Davis,+46 230-764-3452,43,122865,Gray,Maroon,6267 Church Drive,22901,Linkoping,Sweden
Wei Hosseini,+33 253-493-7690,61,176193,Brown,Teal,5091 Lake Road,20670,Toulouse,France
Min Smirnov,+91 676-551-7408,50,150804,Brown,Teal,3397 Wellington Boulevard,39746,Chennai,India
Svetlana Wagner,+44 354-573-2618,41,88316,Blue,Teal,4315 Bridge Avenue,CM20 4AT,Edinburgh,United Kingdom
Jessica White,+86 792-162-4447,51,62956,Hazel,White,1752 Churchill Street,76824,Guangzhou,China
Antoine Harris,+49 774-895-5535,65,45721,Green,Gray,7962 Church Street,95376,Stuttgart,Germany
Franz Hoffmann,+966 787-675-7074,22,46885,Green,Gold,2763 Mill Drive,10443,Khobar,Saudi Arabia
Jennifer Jones,+27 148-109-9210,41,179655,Blue,White,7097 Oak Circle,39632,Nelspruit,South Africa
Elizabeth Leroy,+7 432-912-2321,40,89484,Brown,White,4787 King Place,53178,Nizhny Novgorod,Russia
Ibrahim Li,+61 492-561-3636,21,51652,Brown,Orange,2843 High Circle,55358,Melbourne,Australia
Hans Smirnov,+86 880-587-5435,21,175479,Brown,Teal,1977 Nelson Court,12016,Hangzhou,China
Layla Petrov,+49 577-899-9916,36,75075,Brown,Purple,7813 Mill Circle,54409,Munich,Germany
Yusuf Lewis,+1 455-926-5603,61,180406,Brown,Navy,3545 Maple Avenue,61193,Los Angeles,United States
Amira Anderson,+39 406-885-6850,39,170036,Hazel,Blue,1599 Forest Boulevard,79009,Genoa,Italy
Robert Rao,+86 337-801-9460,58,169606,Gray,Orange,4775 Pine Road,41417,Shenzhen,China
Anita Harris,+49 816-600-7771,31,131947,Hazel,Black,9907 Bridge Circle,87916,Hamburg,Germany
Wei Popov,+34 744-781-3985,46,44684,Brown,Green,813 Market Circle,12423,Valencia,Spain
John Suzuki,+81 249-680-7840,52,83924,Brown,Gray,8293 Elm Place,150-7528,Fukuoka,Japan
Juan Tran,+31 665-183-4972,57,198181,Amber,Teal,1515 William Court,42858,Eindhoven,Netherlands
Marie Jones,+81 605-352-2511,56,100577,Brown,Navy,8478 Station Road,574-8229,Nagoya,Japan
Elsa Ahmadi,+61 176-506-7019,23,136143,Blue,Blue,4672 George Boulevard,32121,Melbourne,Australia
Layla Bakhtiari,+49 153-297-8551,59,66677,Green,Green,1408 Station Way,74893,Dresden,Germany
Noah Thomas,+44 705-403-3729,58,129028,Brown,Teal,8271 Queen Avenue,DY13 5BN,Birmingham,United Kingdom
Ibrahim Dubois,+55 606-500-3867,59,199486,Blue,Blue,826 Cambridge Place,89719,Fortaleza,Brazil
John Huang,+44 526-579-4536,53,142829,Gray,Black,5998 York Court,EN71 7AP,London,United Kingdom
Elena Karimi,+966 377-578-4789,48,147704,Brown,Yellow,8007 Oxford Way,28373,Medina,Saudi Arabia
Yuki Walker,+39 463-428-1312,58,104267,Brown,Purple,8842 Lincoln Place,34924,Bologna,Italy
Linda Schulz,+234 758-339-7796,47,148846,Amber,Yellow,8594 George Court,44347,Lagos,Nigeria
Karen Costa,+81 538-108-3548,26,85753,Brown,Teal,3144 Station Way,638-1005,Osaka,Japan
Khadija Kimura,+81 865-271-1348,45,113603,Brown,Silver,1133 Station Road,340-3228,Tokyo,Japan
Elsa Jackson,+81 650-935-2794,55,133652,Brown,Blue,808 Queen Court,264-5247,Kyoto,Japan
Min Meyer,+34 218-722-1217,35,91845,Blue,Navy,2904 Oak Court,11886,Valencia,Spain
Ingrid Diallo,+7 817-300-3087,33,134209,Brown,Red,9956 Market Street,53616,Omsk,Russia
Khalid Kozlov,+1 128-420-4929,41,156274,Green,White,2886 King Circle,29326,Dallas,United States
Ava Clark,+81 110-885-2508,23,156361,Blue,Yellow,7839 Nelson Street,920-2478,Fukuoka,Japan
Elizabeth Pham,+81 478-436-4850,57,161082,Green,Maroon,9640 Oak Court,899-6870,Yokohama,Japan
Layla Verma,+31 709-773-3132,24,129985,Brown,Pink,7774 King Circle,71593,Maastricht,Netherlands
Marie Schneider,+52 937-781-9569,58,178193,Brown,Yellow,382 Pine Avenue,70497,Merida,Mexico
Yan Martinez,+1 696-351-6593,56,157824,Hazel,Teal,7934 Nelson Drive,77683,Seattle,United States
Harper Santos,+61 461-378-8922,40,121182,Green,Purple,1249 Church Road,13105,Hobart,Australia
Marie Ahmadi,+33 674-682-9311,29,112483,Blue,Silver,5594 Victoria Boulevard,76444,Bordeaux,France
Hassan Ivanov,+81 609-554-2140,42,53500,Brown,Teal,5997 Mill Street,184-2307,Tokyo,Japan
Jessica Bakhtiari,+55 832-634-5943,64,66386,Green,Silver,523 Victoria Circle,58779,Fortaleza,Brazil
Olga Schneider,+1 524-400-4164,37,183364,Brown,Navy,4152 Bridge Road,91937,New York,United States
Zainab Costa,+1 299-475-3810,21,156388,Brown,Teal,7560 River Lane,83905,Houston,United States
Barbara Verma,+34 965-234-8815,30,61762,Hazel,Teal,4986 Church Circle,55131,Madrid,Spain
Yusuf White,+46 979-295-5266,48,79735,Green,Green,1854 Park Street,54128,Jonkoping,Sweden
Karen Verma,+27 937-606-3506,42,105463,Hazel,Black,8032 Park Court,28844,Durban,South Africa
Hiroshi Clark,+55 440-838-1172,20,88993,Hazel,Blue,8716 Elm Street,26612,Manaus,Brazil
Alexei Schulz,+81 794-717-2027,27,188460,Brown,Green,6305 Victoria Drive,106-9469,Nagoya,Japan
Emma Kobayashi,+33 169-686-8943,38,192289,Green,White,2213 Station Avenue,91628,Strasbourg,France
Anita Wu,+44 247-413-4823,54,174565,Brown,Navy,3951 Main Way,DA56 4AD,London,United Kingdom
Fang Becker,+49 391-856-3504,52,74130,Brown,Pink,2001 Victoria Boulevard,90236,Munich,Germany
Khalid Pereira,+86 763-272-1826,47,116078,Brown,Pink,8155 Maple Boulevard,41801,Tianjin,China
Hiroshi Patel,+966 761-240-4531,27,40481,Brown,Yellow,6492 Main Place,34950,Buraidah,Saudi Arabia
David Santos,+91 705-308-4509,41,83033,Hazel,Gray,3069 Elm Boulevard,69295,Lucknow,India
Carlos Martinez,+1 276-317-4750,49,166153,Brown,Maroon,8509 Market Boulevard,11531,Vancouver,Canada
Ibrahim Suzuki,+1 240-671-6914,37,85282,Brown,Teal,2006 Victoria Way,38725,Vancouver,Canada
Maryam Traore,+91 357-803-1723,31,194907,Brown,Red,5700 Oxford Drive,78467,Chennai,India
Li Costa,+966 632-398-2783,32,78532,Gray,Maroon,5573 William Avenue,89026,Riyadh,Saudi Arabia
Sota Silva,+46 286-288-2776,36,35518,Brown,Silver,8306 William Place,39664,Stockholm,Sweden
Fritz Novikov,+1 509-654-1675,53,121210,Brown,Blue,2367 High Road,19917,Winnipeg,Canada
Elsa Watanabe,+61 655-149-7696,41,52046,Brown,Gray,4427 Churchill Circle,25902,Sydney,Australia
Mohammed Jackson,+27 318-531-7295,49,65856,Brown,Yellow,7789 Forest Place,26373,Bloemfontein,South Africa
Ingrid Smirnov,+52 887-359-3376,22,196113,Brown,Maroon,9416 Victoria Avenue,89371,Mexico City,Mexico
Sofia Karimi,+31 641-724-6333,26,164586,Green,Purple,6391 Maple Road,99012,Rotterdam,Netherlands
Ana Nielsen,+52 578-732-3487,43,165108,Brown,Purple,6663 Churchill Circle,31329,Mexico City,Mexico
Vikram Dubois,+1 366-325-4167,28,195758,Gray,Maroon,3720 Queen Circle,70464,Philadelphia,United States
Ryu Kobayashi,+44 406-423-6020,38,106104,Green,Black,9182 Bridge Boulevard,EX72 4AL,Birmingham,United Kingdom
Yusuf Osei,+44 385-704-2431,45,42971,Brown,White,4831 Main Boulevard,CB84 5AA,Liverpool,United Kingdom
Mei Rodrigues,+966 444-484-7565,59,85304,Hazel,Teal,2801 Albert Drive,36364,Dammam,Saudi Arabia
Priya Sokolov,+33 423-993-4557,25,162345,Brown,Teal,114 Nelson Lane,95512,Marseille,France
Heidi Hosseini,+55 717-103-4645,26,181397,Brown,Green,7152 Park Court,71441,Sao Paulo,Brazil
Hiroshi Souza,+1 615-122-4276,24,198415,Brown,Purple,211 Park Road,58510,Calgary,Canada
Ava Jackson,+91 527-415-6427,62,191660,Brown,Gold,3768 Oak Court,75523,Pune,India
Jing Wang,+81 791-538-4885,18,52739,Brown,Orange,5313 George Lane,411-6431,Yokohama,Japan
Miguel Mensah,+39 204-850-6774,19,103528,Brown,Yellow,2318 Lincoln Place,98518,Genoa,Italy
Karen Al-Rashid,+91 498-122-4869,22,126146,Brown,Purple,1790 Cambridge Avenue,73612,Delhi,India
Pierre Nasser,+81 455-835-5182,36,189168,Brown,Orange,3822 Albert Court,960-4141,Yokohama,Japan
Ana Liu,+7 911-801-3074,59,130915,Brown,Orange,237 Main Road,45323,Samara,Russia
Kavita Zhou,+966 854-590-2555,35,79574,Brown,Green,5244 King Circle,62701,Abha,Saudi Arabia
Olga Petrov,+46 315-223-9608,20,148908,Brown,Gold,381 Churchill Boulevard,64718,Gothenburg,Sweden
Elena Clark,+1 441-473-7464,35,116539,Gray,Red,3899 Windsor Place,55098,Edmonton,Canada
Tariq Jackson,+33 941-537-9753,50,164481,Green,Teal,5711 Church Court,34289,Nice,France
Camille Yang,+49 341-419-5773,61,35674,Brown,Yellow,2568 Cedar Street,55940,Leipzig,Germany
Jean Zhou,+33 948-592-8533,48,196662,Hazel,White,8778 Bridge Drive,34673,Montpellier,France
Greta Petit,+86 915-676-8210,34,163570,Brown,Blue,4754 Windsor Lane,39437,Beijing,China
Richard Jackson,+7 183-650-1506,38,175566,Brown,Gold,3535 Market Boulevard,36347,Omsk,Russia
Sarah Ito,+52 889-865-4759,20,148908,Blue,Orange,6671 York Lane,58153,Monterrey,Mexico
Yuna Bakhtiari,+27 951-344-1264,20,153328,Brown,Purple,5738 Maple Court,82788,Polokwane,South Africa
Robert Nielsen,+49 252-432-7392,37,125620,Hazel,Gold,4623 Church Circle,83408,Dresden,Germany
Sofia Rodrigues,+91 377-778-4230,20,33949,Brown,Green,983 Station Boulevard,69057,Mumbai,India
Sara Lima,+33 709-408-8879,52,186501,Brown,Purple,8236 Cedar Court,42821,Bordeaux,France
Pierre Lebedev,+39 181-862-5089,19,178469,Gray,Maroon,7303 York Court,34726,Turin,Italy
Chen Ivanov,+55 138-150-8558,20,100200,Brown,Gold,311 Cambridge Circle,60796,Sao Paulo,Brazil
Chen Moreau,+46 924-735-7000,59,134754,Brown,Green,8811 King Court,80575,Norrkoping,Sweden
Franz Ahmadi,+49 501-806-3516,60,192233,Brown,Silver,5826 Nelson Avenue,85581,Hamburg,Germany
Hans Mueller,+46 493-927-4912,24,140808,Green,Gray,6457 George Way,65101,Jonkoping,Sweden
Kenji Clark,+1 557-682-2353,34,45994,Blue,Navy,6651 Bridge Drive,90375,Seattle,United States
Hana Abbas,+55 333-633-7563,33,84774,Green,Yellow,7830 Oxford Drive,36232,Curitiba,Brazil
Charles Tanaka,+61 255-101-2744,32,173732,Hazel,Gray,3043 Churchill Drive,94033,Melbourne,Australia
Carlos Moreau,+61 163-383-4229,22,120566,Green,Maroon,3526 Oxford Circle,56291,Newcastle,Australia
Sunita Liu,+1 965-622-6533,40,191718,Brown,Navy,9773 Lincoln Road,40936,Chicago,United States
Khadija Moreau,+91 709-532-4127,62,140984,Brown,Navy,7071 Queen Way,92011,Kolkata,India
Natasha Lewis,+27 617-433-1220,52,76270,Brown,White,1416 Oxford Road,97208,Johannesburg,South Africa
James Hosseini,+234 326-984-1113,29,116215,Brown,Purple,1572 Cambridge Circle,53033,Enugu,Nigeria
Patricia Johnson,+31 474-825-9032,56,123659,Brown,White,9594 Queen Way,36887,Nijmegen,Netherlands
Dmitri Davis,+7 550-978-4722,58,197345,Brown,Silver,6005 Lake Lane,13742,Kazan,Russia
Huda Mensah,+91 346-658-2121,48,146336,Blue,Blue,1889 River Street,65632,Pune,India
Susan Watanabe,+46 221-913-7582,18,83286,Green,Yellow,6616 Main Boulevard,81834,Stockholm,Sweden
Luc Patel,+966 673-239-4281,56,59852,Hazel,Maroon,9789 Maple Way,74124,Khamis Mushait,Saudi Arabia
Arjun Abubakar,+234 732-968-9987,38,71613,Blue,Navy,9927 Park Boulevard,93746,Zaria,Nigeria
Natasha Costa,+33 518-534-8664,20,132510,Brown,Yellow,3979 George Avenue,45173,Bordeaux,France
Mohammed Zhou,+46 199-908-3730,24,87965,Brown,Red,3712 Market Circle,30285,Uppsala,Sweden
Natasha Kimura,+1 923-689-5071,60,44194,Blue,Gold,527 Oxford Court,61238,Phoenix,United States
Jessica Wang,+39 183-527-2738,38,33646,Green,White,7762 Pine Lane,10522,Palermo,Italy
Valentina Verma,+82 206-182-7256,36,150118,Green,Pink,4692 Cambridge Court,24684,Ulsan,South Korea
Chen Rodriguez,+44 197-641-9762,50,42987,Brown,Black,6887 Cambridge Way,HG50 5BA,Edinburgh,United Kingdom
Marie White,+7 432-771-4184,57,31093,Amber,Maroon,7717 River Road,97881,Kazan,Russia
Maria Li,+1 602-765-4019,37,54771,Blue,Maroon,4223 Church Boulevard,78821,Winnipeg,Canada
Otto Lebedev,+81 489-332-3699,45,145285,Brown,Purple,7109 King Court,338-9470,Kobe,Japan
Tariq Lewis,+31 202-853-5365,56,56544,Brown,Purple,5533 Park Road,54291,Maastricht,Netherlands
Elizabeth Clark,+61 611-983-7568,61,86639,Brown,Yellow,7820 Main Avenue,93310,Melbourne,Australia
Deepa Nakamura,+46 796-262-4209,57,127586,Brown,Navy,1272 Park Court,27245,Gothenburg,Sweden
Pierre Haddad,+39 462-684-4646,26,146619,Hazel,Orange,1729 Maple Court,17970,Venice,Italy
Luc Chen,+1 792-732-2117,39,104143,Blue,Pink,2396 Queen Drive,77830,Quebec City,Canada
Ibrahim Xu,+91 619-870-9139,36,190880,Brown,Gold,7431 Victoria Place,76141,Bangalore,India
Sofia Sato,+81 309-597-6498,41,184367,Blue,Pink,7401 Market Avenue,162-1676,Nagoya,Japan
Elena Nakamura,+44 392-299-8022,54,169167,Brown,Teal,2363 Wellington Avenue,EC71 3AY,Bristol,United Kingdom
Isabella Jones,+52 210-436-4944,18,145812,Blue,Gold,750 Lincoln Avenue,38308,Juarez,Mexico
Joseph Becker,+33 222-391-7306,50,100626,Brown,White,1999 Wellington Place,80963,Strasbourg,France
Mia Nair,+27 636-304-7674,34,195246,Brown,Gold,2917 Cedar Avenue,27966,East London,South Africa
Fritz Martin,+31 256-751-7392,53,103177,Gray,Blue,9059 Church Boulevard,56376,Eindhoven,Netherlands
Khalid Nielsen,+39 223-136-9650,55,178133,Brown,Green,9601 Park Place,87662,Rome,Italy
Aisha Abubakar,+1 703-112-8065,50,195529,Gray,Blue,3935 George Drive,75072,Edmonton,Canada
Zainab Singh,+44 246-315-7448,18,42563,Brown,Blue,3294 River Drive,BH76 8BR,Edinburgh,United Kingdom
Irina Osei,+91 699-771-3702,25,119328,Brown,Red,7265 Nelson Lane,72960,Mumbai,India
Fatima Moore,+34 142-927-6852,54,70800,Gray,Teal,3856 Churchill Drive,75668,Zaragoza,Spain
Sunita Hayashi,+27 354-355-6859,23,107018,Brown,Green,6378 Wellington Road,37251,Nelspruit,South Africa
Raj Kozlov,+1 825-207-8865,33,101982,Blue,Blue,2171 Wellington Circle,34879,San Diego,United States
Antoine Richard,+82 843-548-5492,53,174334,Blue,Gold,8316 Cambridge Drive,12466,Daejeon,South Korea
Nikolai Abubakar,+55 499-362-7430,18,179303,Brown,White,8773 Lincoln Court,21613,Porto Alegre,Brazil
Alexei Martinez,+39 195-706-6614,29,192732,Brown,Red,1902 Main Circle,82879,Turin,Italy
Patricia Walker,+966 158-926-6406,51,44188,Brown,Pink,1798 Wellington Court,14265,Riyadh,Saudi Arabia
Pierre Robinson,+44 145-829-7784,54,191802,Blue,Black,1447 Queen Avenue,DN39 3AF,Glasgow,United Kingdom
Sara Schneider,+61 749-658-3066,29,56318,Brown,Maroon,9163 York Avenue,35409,Sydney,Australia
Anna Nasser,+39 935-301-7691,33,119564,Blue,Silver,278 Forest Circle,92942,Turin,Italy
Lucas Liu,+1 370-213-5560,49,149377,Blue,Blue,5490 Elm Street,73269,Philadelphia,United States
Wei Kozlov,+91 803-154-8438,42,169917,Brown,Black,8626 William Boulevard,19055,Delhi,India
Sophie Moreau,+61 266-801-6340,47,156763,Brown,Maroon,8850 York Street,93572,Adelaide,Australia
Kenji Durand,+1 942-650-2671,33,32892,Brown,Maroon,3200 Queen Lane,34956,Winnipeg,Canada
Carlos Leroy,+49 801-181-8584,20,46798,Brown,Orange,3262 River Circle,12123,Leipzig,Germany
Barbara Pham,+34 250-326-8584,43,117480,Brown,White,8424 River Lane,36990,Granada,Spain
Amit Li,+52 973-599-1479,23,130118,Brown,White,6125 Oak Way,57751,Guadalajara,Mexico
Huda Clark,+234 603-406-5069,36,166613,Hazel,Teal,4840 Churchill Boulevard,26131,Enugu,Nigeria
Khalid Chen,+234 885-796-6853,53,65718,Brown,Black,6222 Bridge Circle,17821,Abuja,Nigeria
Sunita Lebedev,+44 444-355-5897,58,84990,Amber,Blue,6842 Forest Court,DT72 4BG,Bristol,United Kingdom
Yusuf Petrov,+31 977-921-8898,24,38895,Brown,Green,4345 William Boulevard,83615,Groningen,Netherlands
Tariq Nair,+55 987-506-8026,52,185077,Brown,Gold,2940 Bridge Boulevard,86293,Manaus,Brazil
Richard Patel,+81 303-715-2534,61,182773,Green,Gold,5088 Church Lane,584-8447,Sendai,Japan
Chen Jones,+55 167-637-5601,32,133057,Hazel,Blue,2136 Oak Lane,64913,Manaus,Brazil
Sanjay Yamamoto,+33 681-927-4042,51,56606,Brown,White,490 Main Street,71104,Lille,France
Priya Petrov,+39 931-964-6986,54,145834,Blue,Navy,4709 Station Street,20830,Venice,Italy
Natasha Popov,+1 786-390-1750,37,194438,Green,Yellow,8449 Nelson Court,58244,Houston,United States
Takeshi Wagner,+1 559-687-6289,65,47880,Blue,Teal,4387 River Road,69004,Chicago,United States
Sanjay Ahmadi,+44 123-959-8184,19,161240,Brown,Teal,6227 William Street,BS81 6BA,Birmingham,United Kingdom
Elsa Wang,+27 414-728-5749,64,167929,Brown,Black,6994 Nelson Place,55786,Johannesburg,South Africa
Sarah Becker,+55 382-950-8670,57,197967,Gray,Gold,3322 York Lane,60056,Curitiba,Brazil
Boris Hosseini,+49 668-987-6133,45,156862,Brown,Maroon,4113 Market Boulevard,36807,Berlin,Germany
Jean Oliveira,+86 809-752-4712,19,165744,Brown,Pink,3308 Victoria Drive,56401,Shanghai,China
Mia Singh,+234 828-466-5943,25,41528,Brown,Pink,9763 King Avenue,95171,Port Harcourt,Nigeria
Luis Petrov,+55 682-747-3548,59,51286,Blue,Navy,2775 Elm Lane,36173,Curitiba,Brazil
Sarah Jones,+1 487-155-3825,34,109466,Brown,Maroon,9418 Queen Circle,10480,Phoenix,United States
Takeshi Kozlov,+82 712-950-3828,57,92810,Brown,Green,9658 William Circle,47717,Daegu,South Korea
Kenji Karimi,+61 346-550-3037,31,55507,Brown,Blue,7692 Lake Circle,16512,Melbourne,Australia
Richard Davis,+234 203-484-9575,20,73623,Blue,Gray,8912 George Avenue,44267,Abuja,Nigeria
Elizabeth Khalil,+91 163-702-4700,29,183366,Brown,Purple,2196 Queen Way,57223,Hyderabad,India
Barbara Petrov,+46 294-914-5385,26,139369,Gray,Blue,9508 York Circle,74356,Helsingborg,Sweden
Miguel Okonkwo,+39 222-633-5802,58,68544,Gray,Yellow,4067 Market Drive,15895,Milan,Italy
Charles Anderson,+81 241-529-9226,26,64622,Green,Red,4623 George Lane,659-8299,Kobe,Japan
Charlotte Reddy,+82 667-918-6230,27,48710,Green,White,1828 Pine Street,23929,Gwangju,South Korea
Yuna Brown,+33 751-190-9986,51,66065,Green,Yellow,6414 Albert Street,11163,Nantes,France
Franz Abubakar,+27 166-149-3589,37,131792,Blue,White,7257 Lake Drive,24880,East London,South Africa
Kavita Yang,+31 216-686-3337,42,81415,Blue,Gray,1799 Maple Circle,68274,Maastricht,Netherlands
Khadija Yang,+61 568-878-8882,35,80883,Hazel,Purple,7005 Forest Court,40974,Darwin,Australia
Hiroshi Tran,+27 739-244-5989,26,33561,Brown,Navy,6032 Pine Drive,41689,Cape Town,South Africa
Lea Xu,+52 131-785-3762,41,129878,Blue,Silver,7823 Queen Place,41617,Guadalajara,Mexico
Miguel Clark,+1 681-729-9083,25,197383,Brown,Black,2398 Market Avenue,62636,Winnipeg,Canada
Raj Xu,+27 114-452-2967,23,148244,Blue,Orange,2848 Cambridge Circle,73078,Polokwane,South Africa
Juan Ivanov,+33 955-881-5730,37,97554,Blue,Gray,3815 Cedar Boulevard,19676,Montpellier,France
Noor Fischer,+966 718-633-9288,24,155368,Brown,Gold,3539 Maple Lane,92868,Abha,Saudi Arabia
Wei Patel,+7 968-965-1316,20,176590,Hazel,Teal,7279 Forest Drive,55339,Kazan,Russia
Emma Dubois,+46 477-200-7724,19,89412,Blue,Green,9714 Cedar Drive,95731,Norrkoping,Sweden
Richard Sato,+7 406-498-7064,53,151691,Brown,Blue,4435 Cambridge Circle,13632,Novosibirsk,Russia
Akiko Hosseini,+27 353-812-4266,33,137150,Brown,Silver,6336 Elm Avenue,75211,Cape Town,South Africa
Otto Yamamoto,+46 121-401-2508,22,189549,Gray,White,9616 Cedar Circle,80240,Linkoping,Sweden
Amit Huang,+27 606-318-6563,46,196205,Green,Purple,8981 Oak Lane,95154,Kimberley,South Africa
Hugo Meyer,+55 849-266-3577,29,140337,Hazel,Orange,5090 King Boulevard,91358,Brasilia,Brazil
Mary Nair,+966 457-605-3099,63,40787,Blue,Yellow,9983 Victoria Street,53077,Dammam,Saudi Arabia
John Johnson,+27 868-437-6209,21,70445,Brown,Purple,2636 William Way,57415,Johannesburg,South Africa
Svetlana Verma,+81 511-137-6901,46,154853,Gray,Gray,3666 Victoria Road,485-6302,Yokohama,Japan
Ava Lewis,+1 920-950-9085,49,70202,Brown,Silver,4381 Park Court,96360,San Diego,United States
Harper Patel,+46 147-815-8426,52,143069,Blue,Maroon,8993 Pine Way,38195,Uppsala,Sweden
Zainab Pereira,+81 413-688-6273,23,37338,Brown,Gold,2992 Church Street,609-5215,Nagoya,Japan
Omar Kozlov,+34 731-981-8966,41,170331,Brown,Red,4111 Wellington Place,90573,Alicante,Spain
Jessica Okonkwo,+49 587-502-7677,25,122011,Brown,Gray,530 King Place,67424,Hanover,Germany
Sakura Walker,+234 978-908-6702,39,112817,Hazel,Black,4614 Main Avenue,62382,Ibadan,Nigeria
Akiko Schmidt,+81 975-637-3509,62,155425,Brown,Navy,2331 Nelson Way,970-4043,Sendai,Japan
Nikolai Liu,+46 959-718-5800,48,189149,Gray,Orange,5647 Oxford Place,74258,Uppsala,Sweden
Raj Morozov,+44 492-103-4969,18,60581,Blue,White,8926 Maple Avenue,EH71 5BB,Birmingham,United Kingdom
